-- phpMyAdmin SQL Dump
-- version 4.9.0.1
-- https://www.phpmyadmin.net/
--
-- Host: 127.0.0.1
-- Generation Time: Nov 05, 2020 at 07:43 AM
-- Server version: 10.3.16-MariaDB
-- PHP Version: 7.3.7

SET SQL_MODE = "NO_AUTO_VALUE_ON_ZERO";
SET AUTOCOMMIT = 0;
START TRANSACTION;
SET time_zone = "+00:00";


/*!40101 SET @OLD_CHARACTER_SET_CLIENT=@@CHARACTER_SET_CLIENT */;
/*!40101 SET @OLD_CHARACTER_SET_RESULTS=@@CHARACTER_SET_RESULTS */;
/*!40101 SET @OLD_COLLATION_CONNECTION=@@COLLATION_CONNECTION */;
/*!40101 SET NAMES utf8mb4 */;

--
-- Database: `rental`
--

-- --------------------------------------------------------

--
-- Table structure for table `addresses`
--

CREATE TABLE `addresses` (
  `id` int(10) UNSIGNED NOT NULL,
  `customer_id` int(11) DEFAULT NULL,
  `address` text COLLATE utf8_unicode_ci DEFAULT NULL,
  `deleted_at` timestamp NULL DEFAULT NULL,
  `created_at` timestamp NULL DEFAULT NULL,
  `updated_at` timestamp NULL DEFAULT NULL
) ENGINE=InnoDB DEFAULT CHARSET=utf8 COLLATE=utf8_unicode_ci;

--
-- Dumping data for table `addresses`
--

INSERT INTO `addresses` (`id`, `customer_id`, `address`, `deleted_at`, `created_at`, `updated_at`) VALUES
(1, 1, 'dhaka', NULL, '2020-09-21 01:49:26', '2020-09-21 01:49:26'),
(2, 1, 'comillah', NULL, '2020-09-21 01:49:26', '2020-09-21 01:49:26'),
(3, 5, 'dhaka', NULL, '2020-09-22 23:27:17', '2020-09-22 23:27:17'),
(4, 5, '27423 Breitenberg UnionGiannishire, OR 24540', NULL, '2020-09-22 23:27:17', '2020-09-22 23:27:17'),
(5, 4, 'dhaka', NULL, '2020-09-22 23:35:47', '2020-09-22 23:35:47'),
(6, 4, '27423 Breitenberg UnionGiannishire, OR 24540', NULL, '2020-09-22 23:35:47', '2020-09-22 23:35:47'),
(7, 1, 'Cmillah', NULL, '2020-09-24 01:23:54', '2020-09-24 01:23:54'),
(8, 4, 'Brahmanbari', NULL, '2020-09-24 01:25:33', '2020-09-24 01:25:33'),
(9, 4, 'comillah', NULL, '2020-09-24 03:32:07', '2020-09-24 03:32:07'),
(10, 9, 'Danmondi 8', NULL, '2020-11-02 02:23:36', '2020-11-02 02:23:36'),
(11, 9, '27423 Breitenberg UnionGiannishire, OR 24540', NULL, '2020-11-02 02:23:36', '2020-11-02 02:23:36'),
(12, 5, 'Brahmanbari', NULL, '2020-11-05 00:27:03', '2020-11-05 00:27:03');

-- --------------------------------------------------------

--
-- Table structure for table `api_settings`
--

CREATE TABLE `api_settings` (
  `id` int(10) UNSIGNED NOT NULL,
  `key_name` varchar(255) COLLATE utf8_unicode_ci DEFAULT NULL,
  `key_value` text COLLATE utf8_unicode_ci DEFAULT NULL,
  `created_at` timestamp NULL DEFAULT NULL,
  `updated_at` timestamp NULL DEFAULT NULL,
  `deleted_at` timestamp NULL DEFAULT NULL
) ENGINE=InnoDB DEFAULT CHARSET=utf8 COLLATE=utf8_unicode_ci;

--
-- Dumping data for table `api_settings`
--

INSERT INTO `api_settings` (`id`, `key_name`, `key_value`, `created_at`, `updated_at`, `deleted_at`) VALUES
(1, 'api', '1', '2020-09-19 03:22:43', '2020-09-19 03:22:43', NULL),
(2, 'anyone_register', '0', '2020-09-19 03:22:43', '2020-09-19 03:22:43', NULL),
(3, 'region_availability', 'region one, region two, region three', '2020-09-19 03:22:43', '2020-09-19 03:22:43', NULL),
(4, 'driver_review', '0', '2020-09-19 03:22:43', '2020-09-19 03:22:43', NULL),
(5, 'booking', '3', '2020-09-19 03:22:43', '2020-09-19 03:22:43', NULL),
(6, 'cancel', '2', '2020-09-19 03:22:43', '2020-09-19 03:22:43', NULL),
(7, 'max_trip', '1', '2020-09-19 03:22:43', '2020-09-19 03:22:43', NULL),
(8, 'api_key', '', '2020-09-19 03:22:43', '2020-09-19 03:22:43', NULL),
(9, 'db_url', '', '2020-09-19 03:22:43', '2020-09-19 03:22:43', NULL),
(10, 'db_secret', '', '2020-09-19 03:22:43', '2020-09-19 03:22:43', NULL),
(11, 'server_key', '', '2020-09-19 03:22:43', '2020-09-19 03:22:43', NULL),
(12, 'google_api', '0', '2020-09-19 03:22:43', '2020-09-19 03:22:43', NULL);

-- --------------------------------------------------------

--
-- Table structure for table `bookings`
--

CREATE TABLE `bookings` (
  `id` int(10) UNSIGNED NOT NULL,
  `customer_id` int(11) DEFAULT NULL,
  `user_id` int(11) DEFAULT NULL,
  `vehicle_id` int(11) DEFAULT NULL,
  `driver_id` int(11) DEFAULT NULL,
  `pickup` varchar(200) COLLATE utf8_unicode_ci DEFAULT NULL,
  `dropoff` timestamp NULL DEFAULT NULL,
  `duration` int(11) DEFAULT NULL,
  `pickup_addr` varchar(255) COLLATE utf8_unicode_ci DEFAULT NULL,
  `dest_addr` varchar(255) COLLATE utf8_unicode_ci DEFAULT NULL,
  `note` text COLLATE utf8_unicode_ci DEFAULT NULL,
  `travellers` int(11) NOT NULL DEFAULT 1,
  `trip_date` varchar(225) COLLATE utf8_unicode_ci DEFAULT NULL,
  `car` int(11) NOT NULL,
  `fare_id` int(11) DEFAULT NULL,
  `trip_fare` double(22,2) NOT NULL,
  `status` int(11) NOT NULL DEFAULT 0,
  `type` varchar(50) COLLATE utf8_unicode_ci DEFAULT NULL,
  `decu_type` varchar(111) COLLATE utf8_unicode_ci DEFAULT NULL,
  `wedding_package_id` int(11) DEFAULT NULL,
  `color_id` int(3) DEFAULT NULL,
  `package_id` int(11) DEFAULT NULL,
  `return_status` varchar(11) COLLATE utf8_unicode_ci NOT NULL,
  `return_amount` double(10,2) NOT NULL,
  `payment` int(11) NOT NULL DEFAULT 0,
  `created_at` timestamp NULL DEFAULT NULL,
  `updated_at` timestamp NULL DEFAULT NULL,
  `deleted_at` timestamp NULL DEFAULT NULL
) ENGINE=InnoDB DEFAULT CHARSET=utf8 COLLATE=utf8_unicode_ci;

--
-- Dumping data for table `bookings`
--

INSERT INTO `bookings` (`id`, `customer_id`, `user_id`, `vehicle_id`, `driver_id`, `pickup`, `dropoff`, `duration`, `pickup_addr`, `dest_addr`, `note`, `travellers`, `trip_date`, `car`, `fare_id`, `trip_fare`, `status`, `type`, `decu_type`, `wedding_package_id`, `color_id`, `package_id`, `return_status`, `return_amount`, `payment`, `created_at`, `updated_at`, `deleted_at`) VALUES
(1, 4, 1, 2, 6, '2020-11-02 08:25:14', '2020-11-02 02:25:14', 0, 'Brahmanbari', 'comillah', NULL, 1, NULL, 2, 538, 8000.00, 0, NULL, NULL, NULL, NULL, NULL, '2', 1000.00, 0, '2020-11-02 02:25:46', '2020-11-02 02:25:47', NULL),
(2, 4, 1, 1, 6, '2020-11-05 12:24:54', NULL, 359, '5000', NULL, NULL, 0, '2020/2/20', 3, 0, 109000.00, 1, 'Wedding', 'real', 1, 1, NULL, '', 0.00, 1, '2020-11-03 04:29:55', '2020-11-05 00:25:09', NULL),
(3, 4, 1, 1, 6, '2020-11-03 16:41:02', NULL, 359, 'dhanmondi', NULL, NULL, 0, '2020/2/20', 3, 0, 13000.00, 1, 'Wedding', 'real', 1, 1, NULL, '', 0.00, 1, '2020-11-03 04:38:09', '2020-11-03 04:41:27', NULL),
(4, 4, 1, NULL, NULL, NULL, NULL, NULL, 'dhanmondi', NULL, NULL, 1, '2020/2/20', 2, NULL, 6000.00, 0, 'Wedding', NULL, NULL, NULL, NULL, '', 0.00, 0, '2020-11-03 05:29:36', NULL, NULL),
(5, 5, 1, 1, 6, '2020-11-12 06:26:42', '2020-11-12 00:26:42', 0, 'Brahmanbari', '27423 Breitenberg UnionGiannishire, OR 24540', NULL, 1, NULL, 1, 538, 4000.00, 1, NULL, NULL, NULL, NULL, NULL, '2', 500.00, 1, '2020-11-05 00:27:03', '2020-11-05 00:27:31', NULL);

-- --------------------------------------------------------

--
-- Table structure for table `bookings_meta`
--

CREATE TABLE `bookings_meta` (
  `id` int(10) UNSIGNED NOT NULL,
  `booking_id` int(10) UNSIGNED NOT NULL,
  `type` varchar(255) COLLATE utf8_unicode_ci NOT NULL DEFAULT 'null',
  `key` varchar(255) COLLATE utf8_unicode_ci NOT NULL,
  `value` text COLLATE utf8_unicode_ci DEFAULT NULL,
  `deleted_at` timestamp NULL DEFAULT NULL,
  `created_at` timestamp NULL DEFAULT NULL,
  `updated_at` timestamp NULL DEFAULT NULL
) ENGINE=InnoDB DEFAULT CHARSET=utf8 COLLATE=utf8_unicode_ci;

--
-- Dumping data for table `bookings_meta`
--

INSERT INTO `bookings_meta` (`id`, `booking_id`, `type`, `key`, `value`, `deleted_at`, `created_at`, `updated_at`) VALUES
(1, 1, 'integer', 'tax_total', '500', NULL, '2020-09-19 03:22:43', '2020-09-19 03:22:43'),
(2, 1, 'integer', 'total_tax_percent', '0', NULL, '2020-09-19 03:22:43', '2020-09-19 03:22:43'),
(3, 1, 'integer', 'total_tax_charge_rs', '0', NULL, '2020-09-19 03:22:43', '2020-09-19 03:22:43'),
(4, 1, 'string', 'ride_status', 'Upcoming', NULL, '2020-09-19 03:22:43', '2020-11-02 02:25:47'),
(5, 1, 'string', 'journey_date', '02-11-2020', NULL, '2020-09-19 03:22:43', '2020-11-02 02:25:47'),
(6, 1, 'string', 'journey_time', '08:25:14', NULL, '2020-09-19 03:22:43', '2020-11-02 02:25:47'),
(7, 1, 'integer', 'customerid', '4', NULL, '2020-09-19 03:22:43', '2020-09-19 03:22:43'),
(8, 1, 'integer', 'vehicleid', '1', NULL, '2020-09-19 03:22:43', '2020-09-19 03:22:43'),
(9, 1, 'integer', 'day', '1', NULL, '2020-09-19 03:22:43', '2020-09-19 03:22:43'),
(10, 1, 'integer', 'mileage', '10', NULL, '2020-09-19 03:22:43', '2020-09-19 03:22:43'),
(11, 1, 'integer', 'waiting_time', '0', NULL, '2020-09-19 03:22:43', '2020-09-19 03:22:43'),
(12, 1, 'string', 'date', '2020-09-19', NULL, '2020-09-19 03:22:43', '2020-09-19 03:22:43'),
(13, 1, 'integer', 'total', '500', NULL, '2020-09-19 03:22:43', '2020-09-19 03:22:43'),
(14, 1, 'integer', 'receipt', '1', NULL, '2020-09-19 03:22:43', '2020-09-19 03:22:43'),
(15, 2, 'string', 'ride_status', 'Completed', NULL, '2020-09-19 03:22:43', '2020-09-21 05:48:48'),
(16, 2, 'string', 'journey_date', '05-11-2020', NULL, '2020-09-19 03:22:43', '2020-11-05 00:24:59'),
(17, 2, 'string', 'journey_time', '12:24:54', NULL, '2020-09-19 03:22:43', '2020-11-05 00:24:59'),
(18, 3, 'string', 'journey_date', '03-11-2020', NULL, '2020-09-21 01:49:25', '2020-11-03 04:41:15'),
(19, 3, 'string', 'journey_time', '16:41:02', NULL, '2020-09-21 01:49:25', '2020-11-03 04:41:16'),
(20, 3, 'integer', 'booking_type', '1', NULL, '2020-09-21 01:49:26', '2020-09-21 01:49:26'),
(21, 3, 'integer', 'accept_status', '0', NULL, '2020-09-21 01:49:26', '2020-09-21 01:49:26'),
(22, 3, 'string', 'ride_status', 'Completed', NULL, '2020-09-21 01:49:26', '2020-09-22 03:55:18'),
(23, 3, 'string', 'vehicle_typeid', '3', NULL, '2020-09-21 01:49:26', '2020-09-21 01:49:26'),
(24, 2, 'string', 'customerid', '5', NULL, '2020-09-21 05:48:40', '2020-09-21 05:48:40'),
(25, 2, 'string', 'vehicleid', '1', NULL, '2020-09-21 05:48:40', '2020-09-21 05:48:40'),
(26, 2, 'string', 'day', '1', NULL, '2020-09-21 05:48:40', '2020-09-21 05:48:40'),
(27, 2, 'string', 'mileage', '10', NULL, '2020-09-21 05:48:40', '2020-09-21 05:48:40'),
(28, 2, 'string', 'waiting_time', '0', NULL, '2020-09-21 05:48:40', '2020-09-21 05:48:40'),
(29, 2, 'string', 'date', '2020-09-21', NULL, '2020-09-21 05:48:40', '2020-09-21 05:48:40'),
(30, 2, 'string', 'total', '500', NULL, '2020-09-21 05:48:40', '2020-09-21 05:48:40'),
(31, 2, 'string', 'total_kms', '10', NULL, '2020-09-21 05:48:40', '2020-09-21 05:48:40'),
(32, 2, 'string', 'tax_total', '500', NULL, '2020-09-21 05:48:40', '2020-09-21 05:48:40'),
(33, 2, 'string', 'total_tax_percent', '0', NULL, '2020-09-21 05:48:40', '2020-09-21 05:48:40'),
(34, 2, 'string', 'total_tax_charge_rs', '0', NULL, '2020-09-21 05:48:41', '2020-09-21 05:48:41'),
(35, 2, 'integer', 'receipt', '1', NULL, '2020-09-21 05:48:41', '2020-09-21 05:48:41'),
(36, 2, 'string', 'payment_method', 'cash', NULL, '2020-09-21 05:48:52', '2020-09-21 05:48:52'),
(37, 3, 'string', 'udf', 'N;', NULL, '2020-09-22 03:55:03', '2020-09-22 03:55:03'),
(38, 3, 'string', 'customerid', '1', NULL, '2020-09-22 03:55:12', '2020-09-22 03:55:12'),
(39, 3, 'string', 'vehicleid', '1', NULL, '2020-09-22 03:55:12', '2020-09-22 03:55:12'),
(40, 3, 'string', 'day', '1', NULL, '2020-09-22 03:55:12', '2020-09-22 03:55:12'),
(41, 3, 'string', 'mileage', '10', NULL, '2020-09-22 03:55:12', '2020-09-22 03:55:12'),
(42, 3, 'string', 'waiting_time', '0', NULL, '2020-09-22 03:55:12', '2020-09-22 03:55:12'),
(43, 3, 'string', 'date', '2020-09-22', NULL, '2020-09-22 03:55:12', '2020-09-22 03:55:12'),
(44, 3, 'string', 'total', '500', NULL, '2020-09-22 03:55:13', '2020-09-22 03:55:13'),
(45, 3, 'string', 'total_kms', '10', NULL, '2020-09-22 03:55:13', '2020-09-22 03:55:13'),
(46, 3, 'string', 'tax_total', '500', NULL, '2020-09-22 03:55:13', '2020-09-22 03:55:13'),
(47, 3, 'string', 'total_tax_percent', '0', NULL, '2020-09-22 03:55:13', '2020-09-22 03:55:13'),
(48, 3, 'string', 'total_tax_charge_rs', '0', NULL, '2020-09-22 03:55:13', '2020-09-22 03:55:13'),
(49, 3, 'integer', 'receipt', '1', NULL, '2020-09-22 03:55:13', '2020-09-22 03:55:13'),
(50, 4, 'string', 'udf', 'N;', NULL, '2020-09-22 23:27:17', '2020-09-22 23:27:17'),
(51, 4, 'integer', 'accept_status', '1', NULL, '2020-09-22 23:27:17', '2020-09-22 23:27:17'),
(52, 4, 'string', 'ride_status', 'Upcoming', NULL, '2020-09-22 23:27:17', '2020-09-22 23:27:17'),
(53, 4, 'integer', 'booking_type', '1', NULL, '2020-09-22 23:27:17', '2020-09-22 23:27:17'),
(54, 4, 'string', 'journey_date', '24-09-2020', NULL, '2020-09-22 23:27:17', '2020-09-22 23:27:17'),
(55, 4, 'string', 'journey_time', '05:23:10', NULL, '2020-09-22 23:27:17', '2020-09-22 23:27:17'),
(56, 5, 'string', 'udf', 'N;', NULL, '2020-09-22 23:27:55', '2020-09-22 23:27:55'),
(57, 5, 'integer', 'accept_status', '1', NULL, '2020-09-22 23:27:55', '2020-09-22 23:27:55'),
(58, 5, 'string', 'ride_status', 'Completed', NULL, '2020-09-22 23:27:55', '2020-11-05 00:27:28'),
(59, 5, 'integer', 'booking_type', '1', NULL, '2020-09-22 23:27:55', '2020-09-22 23:27:55'),
(60, 5, 'string', 'journey_date', '12-11-2020', NULL, '2020-09-22 23:27:55', '2020-11-05 00:27:03'),
(61, 5, 'string', 'journey_time', '06:26:42', NULL, '2020-09-22 23:27:55', '2020-11-05 00:27:03'),
(62, 6, 'string', 'udf', 'N;', NULL, '2020-09-22 23:34:10', '2020-09-22 23:34:10'),
(63, 6, 'integer', 'accept_status', '1', NULL, '2020-09-22 23:34:10', '2020-09-22 23:34:10'),
(64, 6, 'string', 'ride_status', 'Upcoming', NULL, '2020-09-22 23:34:10', '2020-09-22 23:34:10'),
(65, 6, 'integer', 'booking_type', '1', NULL, '2020-09-22 23:34:10', '2020-09-22 23:34:10'),
(66, 6, 'string', 'journey_date', '21-09-2020', NULL, '2020-09-22 23:34:11', '2020-09-22 23:34:11'),
(67, 6, 'string', 'journey_time', '05:34:00', NULL, '2020-09-22 23:34:11', '2020-09-22 23:34:11'),
(68, 7, 'string', 'udf', 'N;', NULL, '2020-09-22 23:35:47', '2020-09-22 23:35:47'),
(69, 7, 'integer', 'accept_status', '1', NULL, '2020-09-22 23:35:47', '2020-09-22 23:35:47'),
(70, 7, 'string', 'ride_status', 'Upcoming', NULL, '2020-09-22 23:35:47', '2020-09-22 23:35:47'),
(71, 7, 'integer', 'booking_type', '1', NULL, '2020-09-22 23:35:47', '2020-09-22 23:35:47'),
(72, 7, 'string', 'journey_date', '26-09-2020', NULL, '2020-09-22 23:35:47', '2020-09-22 23:35:47'),
(73, 7, 'string', 'journey_time', '05:34:00', NULL, '2020-09-22 23:35:47', '2020-09-22 23:35:47'),
(74, 8, 'string', 'udf', 'N;', NULL, '2020-09-23 00:50:52', '2020-09-23 00:50:52'),
(75, 8, 'integer', 'accept_status', '1', NULL, '2020-09-23 00:50:52', '2020-09-23 00:50:52'),
(76, 8, 'string', 'ride_status', 'Completed', NULL, '2020-09-23 00:50:52', '2020-09-23 05:28:13'),
(77, 8, 'integer', 'booking_type', '1', NULL, '2020-09-23 00:50:52', '2020-09-23 00:50:52'),
(78, 8, 'string', 'journey_date', '23-09-2020', NULL, '2020-09-23 00:50:52', '2020-09-23 00:50:52'),
(79, 8, 'string', 'journey_time', '05:56:05', NULL, '2020-09-23 00:50:52', '2020-09-23 00:50:52'),
(80, 9, 'string', 'udf', 'N;', NULL, '2020-09-23 03:14:44', '2020-09-23 03:14:44'),
(81, 9, 'integer', 'accept_status', '1', NULL, '2020-09-23 03:14:44', '2020-09-23 03:14:44'),
(82, 9, 'string', 'ride_status', 'Upcoming', NULL, '2020-09-23 03:14:44', '2020-09-23 03:14:44'),
(83, 9, 'integer', 'booking_type', '1', NULL, '2020-09-23 03:14:44', '2020-09-23 03:14:44'),
(84, 9, 'string', 'journey_date', '23-09-2020', NULL, '2020-09-23 03:14:44', '2020-09-23 03:14:44'),
(85, 9, 'string', 'journey_time', '09:13:22', NULL, '2020-09-23 03:14:44', '2020-09-23 03:14:44'),
(86, 10, 'string', 'udf', 'N;', NULL, '2020-09-23 03:29:51', '2020-09-23 03:29:51'),
(87, 10, 'integer', 'accept_status', '1', NULL, '2020-09-23 03:29:51', '2020-09-23 03:29:51'),
(88, 10, 'string', 'ride_status', 'Completed', NULL, '2020-09-23 03:29:51', '2020-09-23 05:24:03'),
(89, 10, 'integer', 'booking_type', '1', NULL, '2020-09-23 03:29:51', '2020-09-23 03:29:51'),
(90, 10, 'string', 'journey_date', '23-09-2020', NULL, '2020-09-23 03:29:51', '2020-09-23 03:29:51'),
(91, 10, 'string', 'journey_time', '09:29:33', NULL, '2020-09-23 03:29:51', '2020-09-23 03:29:51'),
(92, 10, 'string', 'customerid', '4', NULL, '2020-09-23 05:18:57', '2020-09-23 05:18:57'),
(93, 10, 'string', 'vehicleid', '1', NULL, '2020-09-23 05:18:57', '2020-09-23 05:18:57'),
(94, 10, 'NULL', 'day', NULL, NULL, '2020-09-23 05:18:57', '2020-09-23 05:18:57'),
(95, 10, 'NULL', 'mileage', NULL, NULL, '2020-09-23 05:18:57', '2020-09-23 05:18:57'),
(96, 10, 'NULL', 'waiting_time', NULL, NULL, '2020-09-23 05:18:57', '2020-09-23 05:18:57'),
(97, 10, 'string', 'date', '2020-09-23', NULL, '2020-09-23 05:18:57', '2020-09-23 05:18:57'),
(98, 10, 'NULL', 'total', NULL, NULL, '2020-09-23 05:18:58', '2020-09-23 05:18:58'),
(99, 10, 'NULL', 'total_kms', NULL, NULL, '2020-09-23 05:18:58', '2020-09-23 05:18:58'),
(100, 10, 'NULL', 'tax_total', NULL, NULL, '2020-09-23 05:18:58', '2020-09-23 05:18:58'),
(101, 10, 'NULL', 'total_tax_percent', NULL, NULL, '2020-09-23 05:18:58', '2020-09-23 05:18:58'),
(102, 10, 'NULL', 'total_tax_charge_rs', NULL, NULL, '2020-09-23 05:18:58', '2020-09-23 05:18:58'),
(103, 10, 'integer', 'receipt', '1', NULL, '2020-09-23 05:23:22', '2020-09-23 05:23:22'),
(104, 10, 'string', 'payment_method', 'cash', NULL, '2020-09-23 05:26:09', '2020-09-23 05:26:09'),
(105, 3, 'string', 'payment_method', 'cash', NULL, '2020-09-23 05:27:13', '2020-09-23 05:27:13'),
(106, 8, 'string', 'customerid', '5', NULL, '2020-09-23 05:28:03', '2020-09-23 05:28:03'),
(107, 8, 'string', 'vehicleid', '2', NULL, '2020-09-23 05:28:03', '2020-09-23 05:28:03'),
(108, 8, 'NULL', 'day', NULL, NULL, '2020-09-23 05:28:03', '2020-09-23 05:28:03'),
(109, 8, 'NULL', 'mileage', NULL, NULL, '2020-09-23 05:28:03', '2020-09-23 05:28:03'),
(110, 8, 'NULL', 'waiting_time', NULL, NULL, '2020-09-23 05:28:03', '2020-09-23 05:28:03'),
(111, 8, 'string', 'date', '2020-09-23', NULL, '2020-09-23 05:28:03', '2020-09-23 05:28:03'),
(112, 8, 'NULL', 'total', NULL, NULL, '2020-09-23 05:28:03', '2020-09-23 05:28:03'),
(113, 8, 'NULL', 'total_kms', NULL, NULL, '2020-09-23 05:28:03', '2020-09-23 05:28:03'),
(114, 8, 'NULL', 'tax_total', NULL, NULL, '2020-09-23 05:28:03', '2020-09-23 05:28:03'),
(115, 8, 'NULL', 'total_tax_percent', NULL, NULL, '2020-09-23 05:28:03', '2020-09-23 05:28:03'),
(116, 8, 'NULL', 'total_tax_charge_rs', NULL, NULL, '2020-09-23 05:28:03', '2020-09-23 05:28:03'),
(117, 8, 'integer', 'receipt', '1', NULL, '2020-09-23 05:28:04', '2020-09-23 05:28:04'),
(118, 8, 'string', 'payment_method', 'cash', NULL, '2020-09-23 05:28:18', '2020-09-23 05:28:18'),
(119, 11, 'string', 'udf', 'N;', NULL, '2020-09-23 05:29:39', '2020-09-23 05:29:39'),
(120, 11, 'integer', 'accept_status', '1', NULL, '2020-09-23 05:29:39', '2020-09-23 05:29:39'),
(121, 11, 'string', 'ride_status', 'Completed', NULL, '2020-09-23 05:29:39', '2020-09-23 05:30:21'),
(122, 11, 'integer', 'booking_type', '1', NULL, '2020-09-23 05:29:40', '2020-09-23 05:29:40'),
(123, 11, 'string', 'journey_date', '23-09-2020', NULL, '2020-09-23 05:29:40', '2020-09-23 05:29:40'),
(124, 11, 'string', 'journey_time', '11:29:25', NULL, '2020-09-23 05:29:40', '2020-09-23 05:29:40'),
(125, 11, 'string', 'customerid', '5', NULL, '2020-09-23 05:30:03', '2020-09-23 05:30:03'),
(126, 11, 'string', 'vehicleid', '2', NULL, '2020-09-23 05:30:04', '2020-09-23 05:30:04'),
(127, 11, 'NULL', 'day', NULL, NULL, '2020-09-23 05:30:04', '2020-09-23 05:30:04'),
(128, 11, 'NULL', 'mileage', NULL, NULL, '2020-09-23 05:30:04', '2020-09-23 05:30:04'),
(129, 11, 'NULL', 'waiting_time', NULL, NULL, '2020-09-23 05:30:04', '2020-09-23 05:30:04'),
(130, 11, 'string', 'date', '2020-09-23', NULL, '2020-09-23 05:30:04', '2020-09-23 05:30:04'),
(131, 11, 'NULL', 'total', NULL, NULL, '2020-09-23 05:30:04', '2020-09-23 05:30:04'),
(132, 11, 'NULL', 'total_kms', NULL, NULL, '2020-09-23 05:30:04', '2020-09-23 05:30:04'),
(133, 11, 'NULL', 'tax_total', NULL, NULL, '2020-09-23 05:30:04', '2020-09-23 05:30:04'),
(134, 11, 'NULL', 'total_tax_percent', NULL, NULL, '2020-09-23 05:30:04', '2020-09-23 05:30:04'),
(135, 11, 'NULL', 'total_tax_charge_rs', NULL, NULL, '2020-09-23 05:30:04', '2020-09-23 05:30:04'),
(136, 11, 'integer', 'receipt', '1', NULL, '2020-09-23 05:30:04', '2020-09-23 05:30:04'),
(137, 12, 'string', 'udf', 'N;', NULL, '2020-09-23 05:35:21', '2020-09-23 05:35:21'),
(138, 12, 'integer', 'accept_status', '1', NULL, '2020-09-23 05:35:21', '2020-09-23 05:35:21'),
(139, 12, 'string', 'ride_status', 'Completed', NULL, '2020-09-23 05:35:21', '2020-09-24 00:47:30'),
(140, 12, 'integer', 'booking_type', '1', NULL, '2020-09-23 05:35:21', '2020-09-23 05:35:21'),
(141, 12, 'string', 'journey_date', '23-09-2020', NULL, '2020-09-23 05:35:21', '2020-09-23 05:35:21'),
(142, 12, 'string', 'journey_time', '11:35:07', NULL, '2020-09-23 05:35:21', '2020-09-23 05:35:21'),
(143, 12, 'string', 'customerid', '5', NULL, '2020-09-23 05:35:49', '2020-09-23 05:35:49'),
(144, 12, 'string', 'vehicleid', '1', NULL, '2020-09-23 05:35:50', '2020-09-23 05:35:50'),
(145, 12, 'NULL', 'day', NULL, NULL, '2020-09-23 05:35:50', '2020-09-23 05:35:50'),
(146, 12, 'NULL', 'mileage', NULL, NULL, '2020-09-23 05:35:50', '2020-09-23 05:35:50'),
(147, 12, 'NULL', 'waiting_time', NULL, NULL, '2020-09-23 05:35:50', '2020-09-23 05:35:50'),
(148, 12, 'string', 'date', '2020-09-23', NULL, '2020-09-23 05:35:50', '2020-09-23 05:35:50'),
(149, 12, 'NULL', 'total', NULL, NULL, '2020-09-23 05:35:50', '2020-09-23 05:35:50'),
(150, 12, 'NULL', 'total_kms', NULL, NULL, '2020-09-23 05:35:50', '2020-09-23 05:35:50'),
(151, 12, 'NULL', 'tax_total', NULL, NULL, '2020-09-23 05:35:50', '2020-09-23 05:35:50'),
(152, 12, 'NULL', 'total_tax_percent', NULL, NULL, '2020-09-23 05:35:50', '2020-09-23 05:35:50'),
(153, 12, 'NULL', 'total_tax_charge_rs', NULL, NULL, '2020-09-23 05:35:50', '2020-09-23 05:35:50'),
(154, 12, 'integer', 'receipt', '1', NULL, '2020-09-23 05:35:50', '2020-09-23 05:35:50'),
(155, 13, 'string', 'udf', 'N;', NULL, '2020-09-23 05:39:40', '2020-09-23 05:39:40'),
(156, 13, 'integer', 'accept_status', '1', NULL, '2020-09-23 05:39:40', '2020-09-23 05:39:40'),
(157, 13, 'string', 'ride_status', 'Completed', NULL, '2020-09-23 05:39:40', '2020-09-24 00:23:34'),
(158, 13, 'integer', 'booking_type', '1', NULL, '2020-09-23 05:39:40', '2020-09-23 05:39:40'),
(159, 13, 'string', 'journey_date', '24-09-2020', NULL, '2020-09-23 05:39:40', '2020-09-23 05:39:40'),
(160, 13, 'string', 'journey_time', '11:39:24', NULL, '2020-09-23 05:39:40', '2020-09-23 05:39:40'),
(161, 14, 'string', 'udf', 'N;', NULL, '2020-09-23 05:53:28', '2020-09-23 05:53:28'),
(162, 14, 'integer', 'accept_status', '1', NULL, '2020-09-23 05:53:28', '2020-09-23 05:53:28'),
(163, 14, 'string', 'ride_status', 'Completed', NULL, '2020-09-23 05:53:28', '2020-09-23 23:23:42'),
(164, 14, 'integer', 'booking_type', '1', NULL, '2020-09-23 05:53:28', '2020-09-23 05:53:28'),
(165, 14, 'string', 'journey_date', '23-09-2020', NULL, '2020-09-23 05:53:28', '2020-09-23 05:53:28'),
(166, 14, 'string', 'journey_time', '11:53:18', NULL, '2020-09-23 05:53:28', '2020-09-23 05:53:28'),
(167, 11, 'string', 'payment_method', 'cash', NULL, '2020-09-23 05:53:54', '2020-09-23 05:53:54'),
(168, 15, 'string', 'udf', 'N;', NULL, '2020-09-23 06:22:50', '2020-09-23 06:22:50'),
(169, 15, 'integer', 'accept_status', '1', NULL, '2020-09-23 06:22:50', '2020-09-23 06:22:50'),
(170, 15, 'string', 'ride_status', 'Completed', NULL, '2020-09-23 06:22:50', '2020-09-23 06:24:47'),
(171, 15, 'integer', 'booking_type', '1', NULL, '2020-09-23 06:22:50', '2020-09-23 06:22:50'),
(172, 15, 'string', 'journey_date', '23-09-2020', NULL, '2020-09-23 06:22:50', '2020-09-23 06:22:50'),
(173, 15, 'string', 'journey_time', '12:21:15', NULL, '2020-09-23 06:22:50', '2020-09-23 06:22:50'),
(174, 15, 'string', 'customerid', '5', NULL, '2020-09-23 06:24:24', '2020-09-23 06:24:24'),
(175, 15, 'string', 'vehicleid', '1', NULL, '2020-09-23 06:24:24', '2020-09-23 06:24:24'),
(176, 15, 'NULL', 'day', NULL, NULL, '2020-09-23 06:24:24', '2020-09-23 06:24:24'),
(177, 15, 'NULL', 'mileage', NULL, NULL, '2020-09-23 06:24:24', '2020-09-23 06:24:24'),
(178, 15, 'NULL', 'waiting_time', NULL, NULL, '2020-09-23 06:24:25', '2020-09-23 06:24:25'),
(179, 15, 'string', 'date', '2020-09-23', NULL, '2020-09-23 06:24:25', '2020-09-23 06:24:25'),
(180, 15, 'NULL', 'total', NULL, NULL, '2020-09-23 06:24:25', '2020-09-23 06:24:25'),
(181, 15, 'NULL', 'total_kms', NULL, NULL, '2020-09-23 06:24:25', '2020-09-23 06:24:25'),
(182, 15, 'NULL', 'tax_total', NULL, NULL, '2020-09-23 06:24:25', '2020-09-23 06:24:25'),
(183, 15, 'NULL', 'total_tax_percent', NULL, NULL, '2020-09-23 06:24:25', '2020-09-23 06:24:25'),
(184, 15, 'NULL', 'total_tax_charge_rs', NULL, NULL, '2020-09-23 06:24:25', '2020-09-23 06:24:25'),
(185, 15, 'integer', 'receipt', '1', NULL, '2020-09-23 06:24:25', '2020-09-23 06:24:25'),
(186, 14, 'string', 'customerid', '5', NULL, '2020-09-23 23:20:48', '2020-09-23 23:20:48'),
(187, 14, 'string', 'vehicleid', '1', NULL, '2020-09-23 23:20:48', '2020-09-23 23:20:48'),
(188, 14, 'string', 'day', '1', NULL, '2020-09-23 23:20:48', '2020-09-23 23:20:48'),
(189, 14, 'string', 'mileage', '10', NULL, '2020-09-23 23:20:48', '2020-09-23 23:20:48'),
(190, 14, 'string', 'waiting_time', '0', NULL, '2020-09-23 23:20:48', '2020-09-23 23:20:48'),
(191, 14, 'string', 'date', '2020-09-24', NULL, '2020-09-23 23:20:48', '2020-09-23 23:20:48'),
(192, 14, 'string', 'total', '500', NULL, '2020-09-23 23:20:48', '2020-09-23 23:20:48'),
(193, 14, 'string', 'total_kms', '10', NULL, '2020-09-23 23:20:48', '2020-09-23 23:20:48'),
(194, 14, 'string', 'tax_total', '500', NULL, '2020-09-23 23:20:48', '2020-09-23 23:20:48'),
(195, 14, 'string', 'total_tax_percent', '0', NULL, '2020-09-23 23:20:48', '2020-09-23 23:20:48'),
(196, 14, 'string', 'total_tax_charge_rs', '0', NULL, '2020-09-23 23:20:48', '2020-09-23 23:20:48'),
(197, 14, 'integer', 'receipt', '1', NULL, '2020-09-23 23:23:27', '2020-09-23 23:23:27'),
(198, 14, 'string', 'payment_method', 'cash', NULL, '2020-09-23 23:23:57', '2020-09-23 23:23:57'),
(199, 13, 'string', 'customerid', '5', NULL, '2020-09-24 00:22:52', '2020-09-24 00:22:52'),
(200, 13, 'string', 'vehicleid', '1', NULL, '2020-09-24 00:22:52', '2020-09-24 00:22:52'),
(201, 13, 'string', 'day', '1', NULL, '2020-09-24 00:22:52', '2020-09-24 00:22:52'),
(202, 13, 'string', 'mileage', '10', NULL, '2020-09-24 00:22:52', '2020-09-24 00:22:52'),
(203, 13, 'string', 'waiting_time', '10', NULL, '2020-09-24 00:22:52', '2020-09-24 00:22:52'),
(204, 13, 'string', 'date', '2020-09-24', NULL, '2020-09-24 00:22:52', '2020-09-24 00:22:52'),
(205, 13, 'string', 'total', '15000', NULL, '2020-09-24 00:22:52', '2020-09-24 00:22:52'),
(206, 13, 'string', 'total_kms', '10', NULL, '2020-09-24 00:22:52', '2020-09-24 00:22:52'),
(207, 13, 'string', 'tax_total', '1500', NULL, '2020-09-24 00:22:52', '2020-09-24 00:22:52'),
(208, 13, 'string', 'total_tax_percent', '0', NULL, '2020-09-24 00:22:52', '2020-09-24 00:22:52'),
(209, 13, 'string', 'total_tax_charge_rs', '0', NULL, '2020-09-24 00:22:52', '2020-09-24 00:22:52'),
(210, 13, 'integer', 'receipt', '1', NULL, '2020-09-24 00:22:53', '2020-09-24 00:22:53'),
(211, 13, 'string', 'payment_method', 'cash', NULL, '2020-09-24 00:23:45', '2020-09-24 00:23:45'),
(212, 16, 'string', 'udf', 'N;', NULL, '2020-09-24 00:27:02', '2020-09-24 00:27:02'),
(213, 16, 'integer', 'accept_status', '1', NULL, '2020-09-24 00:27:02', '2020-09-24 00:27:02'),
(214, 16, 'string', 'ride_status', 'Completed', NULL, '2020-09-24 00:27:02', '2020-09-24 00:33:52'),
(215, 16, 'integer', 'booking_type', '1', NULL, '2020-09-24 00:27:02', '2020-09-24 00:27:02'),
(216, 16, 'string', 'journey_date', '24-09-2020', NULL, '2020-09-24 00:27:02', '2020-09-24 00:27:02'),
(217, 16, 'string', 'journey_time', '06:26:46', NULL, '2020-09-24 00:27:02', '2020-09-24 00:27:02'),
(218, 16, 'string', 'customerid', '5', NULL, '2020-09-24 00:33:38', '2020-09-24 00:33:38'),
(219, 16, 'string', 'vehicleid', '1', NULL, '2020-09-24 00:33:38', '2020-09-24 00:33:38'),
(220, 16, 'NULL', 'day', NULL, NULL, '2020-09-24 00:33:38', '2020-09-24 00:33:38'),
(221, 16, 'NULL', 'mileage', NULL, NULL, '2020-09-24 00:33:38', '2020-09-24 00:33:38'),
(222, 16, 'string', 'waiting_time', '9', NULL, '2020-09-24 00:33:38', '2020-09-24 00:33:38'),
(223, 16, 'string', 'date', '2020-09-24', NULL, '2020-09-24 00:33:38', '2020-09-24 00:33:38'),
(224, 16, 'string', 'total', '11000', NULL, '2020-09-24 00:33:38', '2020-09-24 00:33:38'),
(225, 16, 'NULL', 'total_kms', NULL, NULL, '2020-09-24 00:33:38', '2020-09-24 00:33:38'),
(226, 16, 'string', 'tax_total', '990', NULL, '2020-09-24 00:33:38', '2020-09-24 00:33:38'),
(227, 16, 'string', 'total_tax_percent', '0', NULL, '2020-09-24 00:33:38', '2020-09-24 00:33:38'),
(228, 16, 'string', 'total_tax_charge_rs', '0', NULL, '2020-09-24 00:33:38', '2020-09-24 00:33:38'),
(229, 16, 'integer', 'receipt', '1', NULL, '2020-09-24 00:33:39', '2020-09-24 00:33:39'),
(230, 16, 'string', 'payment_method', 'cash', NULL, '2020-09-24 00:33:57', '2020-09-24 00:33:57'),
(231, 12, 'string', 'payment_method', 'cash', NULL, '2020-09-24 00:47:34', '2020-09-24 00:47:34'),
(232, 17, 'string', 'udf', 'N;', NULL, '2020-09-24 00:51:36', '2020-09-24 00:51:36'),
(233, 17, 'integer', 'accept_status', '1', NULL, '2020-09-24 00:51:36', '2020-09-24 00:51:36'),
(234, 17, 'string', 'ride_status', 'Upcoming', NULL, '2020-09-24 00:51:36', '2020-09-24 00:51:36'),
(235, 17, 'integer', 'booking_type', '1', NULL, '2020-09-24 00:51:36', '2020-09-24 00:51:36'),
(236, 17, 'string', 'journey_date', '24-09-2020', NULL, '2020-09-24 00:51:36', '2020-09-24 00:51:36'),
(237, 17, 'string', 'journey_time', '06:49:33', NULL, '2020-09-24 00:51:36', '2020-09-24 00:51:36'),
(238, 18, 'string', 'journey_date', '25-09-2020', NULL, '2020-09-24 01:23:54', '2020-09-24 01:23:54'),
(239, 18, 'string', 'journey_time', '12:00:0', NULL, '2020-09-24 01:23:54', '2020-09-24 01:23:54'),
(240, 18, 'integer', 'booking_type', '1', NULL, '2020-09-24 01:23:54', '2020-09-24 01:23:54'),
(241, 18, 'integer', 'accept_status', '0', NULL, '2020-09-24 01:23:54', '2020-09-24 01:23:54'),
(242, 18, 'NULL', 'ride_status', NULL, NULL, '2020-09-24 01:23:54', '2020-09-24 01:23:54'),
(243, 18, 'string', 'vehicle_typeid', '6', NULL, '2020-09-24 01:23:54', '2020-09-24 01:23:54'),
(244, 19, 'string', 'journey_date', '24-09-2020', NULL, '2020-09-24 01:25:33', '2020-09-24 01:25:33'),
(245, 19, 'string', 'journey_time', '12:00:0', NULL, '2020-09-24 01:25:33', '2020-09-24 01:25:33'),
(246, 19, 'integer', 'booking_type', '1', NULL, '2020-09-24 01:25:33', '2020-09-24 01:25:33'),
(247, 19, 'integer', 'accept_status', '0', NULL, '2020-09-24 01:25:33', '2020-09-24 01:25:33'),
(248, 19, 'NULL', 'ride_status', NULL, NULL, '2020-09-24 01:25:33', '2020-09-24 01:25:33'),
(249, 19, 'string', 'vehicle_typeid', '4', NULL, '2020-09-24 01:25:33', '2020-09-24 01:25:33'),
(250, 20, 'string', 'udf', 'N;', NULL, '2020-09-24 02:12:03', '2020-09-24 02:12:03'),
(251, 20, 'integer', 'accept_status', '1', NULL, '2020-09-24 02:12:03', '2020-09-24 02:12:03'),
(252, 20, 'string', 'ride_status', 'Completed', NULL, '2020-09-24 02:12:03', '2020-09-24 02:14:58'),
(253, 20, 'integer', 'booking_type', '1', NULL, '2020-09-24 02:12:03', '2020-09-24 02:12:03'),
(254, 20, 'string', 'journey_date', '24-09-2020', NULL, '2020-09-24 02:12:03', '2020-09-24 02:12:03'),
(255, 20, 'string', 'journey_time', '08:07:19', NULL, '2020-09-24 02:12:03', '2020-09-24 02:12:03'),
(256, 20, 'string', 'customerid', '4', NULL, '2020-09-24 02:14:49', '2020-09-24 02:14:49'),
(257, 20, 'string', 'vehicleid', '2', NULL, '2020-09-24 02:14:49', '2020-09-24 02:14:49'),
(258, 20, 'NULL', 'day', NULL, NULL, '2020-09-24 02:14:49', '2020-09-24 02:14:49'),
(259, 20, 'NULL', 'mileage', NULL, NULL, '2020-09-24 02:14:49', '2020-09-24 02:14:49'),
(260, 20, 'string', 'waiting_time', '7', NULL, '2020-09-24 02:14:49', '2020-09-24 02:14:49'),
(261, 20, 'string', 'date', '2020-09-24', NULL, '2020-09-24 02:14:49', '2020-09-24 02:14:49'),
(262, 20, 'string', 'total', '25000', NULL, '2020-09-24 02:14:49', '2020-09-24 02:14:49'),
(263, 20, 'NULL', 'total_kms', NULL, NULL, '2020-09-24 02:14:49', '2020-09-24 02:14:49'),
(264, 20, 'string', 'tax_total', '1750', NULL, '2020-09-24 02:14:50', '2020-09-24 02:14:50'),
(265, 20, 'string', 'total_tax_percent', '0', NULL, '2020-09-24 02:14:50', '2020-09-24 02:14:50'),
(266, 20, 'string', 'total_tax_charge_rs', '0', NULL, '2020-09-24 02:14:50', '2020-09-24 02:14:50'),
(267, 20, 'integer', 'receipt', '1', NULL, '2020-09-24 02:14:50', '2020-09-24 02:14:50'),
(268, 20, 'string', 'payment_method', 'cash', NULL, '2020-09-24 02:15:15', '2020-09-24 02:15:15'),
(269, 21, 'string', 'journey_date', '25-09-2020', NULL, '2020-09-24 03:32:07', '2020-09-24 03:32:07'),
(270, 21, 'string', 'journey_time', '00:00:0', NULL, '2020-09-24 03:32:07', '2020-09-24 03:32:07'),
(271, 21, 'integer', 'booking_type', '1', NULL, '2020-09-24 03:32:07', '2020-09-24 03:32:07'),
(272, 21, 'integer', 'accept_status', '0', NULL, '2020-09-24 03:32:07', '2020-09-24 03:32:07'),
(273, 21, 'NULL', 'ride_status', NULL, NULL, '2020-09-24 03:32:07', '2020-09-24 03:32:07'),
(274, 21, 'string', 'vehicle_typeid', '3', NULL, '2020-09-24 03:32:07', '2020-09-24 03:32:07'),
(275, 22, 'string', 'udf', 'N;', NULL, '2020-09-24 06:09:17', '2020-09-24 06:09:17'),
(276, 22, 'integer', 'accept_status', '1', NULL, '2020-09-24 06:09:17', '2020-09-24 06:09:17'),
(277, 22, 'string', 'ride_status', 'Completed', NULL, '2020-09-24 06:09:18', '2020-09-24 06:10:41'),
(278, 22, 'integer', 'booking_type', '1', NULL, '2020-09-24 06:09:18', '2020-09-24 06:09:18'),
(279, 22, 'string', 'journey_date', '24-09-2020', NULL, '2020-09-24 06:09:18', '2020-09-24 06:09:18'),
(280, 22, 'string', 'journey_time', '12:09:02', NULL, '2020-09-24 06:09:18', '2020-09-24 06:09:18'),
(281, 22, 'string', 'customerid', '4', NULL, '2020-09-24 06:10:04', '2020-09-24 06:10:04'),
(282, 22, 'string', 'vehicleid', '1', NULL, '2020-09-24 06:10:04', '2020-09-24 06:10:04'),
(283, 22, 'NULL', 'day', NULL, NULL, '2020-09-24 06:10:04', '2020-09-24 06:10:04'),
(284, 22, 'NULL', 'mileage', NULL, NULL, '2020-09-24 06:10:04', '2020-09-24 06:10:04'),
(285, 22, 'string', 'waiting_time', '6', NULL, '2020-09-24 06:10:04', '2020-09-24 06:10:04'),
(286, 22, 'string', 'date', '2020-09-24', NULL, '2020-09-24 06:10:04', '2020-09-24 06:10:04'),
(287, 22, 'string', 'total', '5500', NULL, '2020-09-24 06:10:04', '2020-09-24 06:10:04'),
(288, 22, 'NULL', 'total_kms', NULL, NULL, '2020-09-24 06:10:04', '2020-09-24 06:10:04'),
(289, 22, 'string', 'tax_total', '330', NULL, '2020-09-24 06:10:04', '2020-09-24 06:10:04'),
(290, 22, 'string', 'total_tax_percent', '0', NULL, '2020-09-24 06:10:04', '2020-09-24 06:10:04'),
(291, 22, 'string', 'total_tax_charge_rs', '0', NULL, '2020-09-24 06:10:04', '2020-09-24 06:10:04'),
(292, 22, 'integer', 'receipt', '1', NULL, '2020-09-24 06:10:04', '2020-09-24 06:10:04'),
(293, 22, 'string', 'payment_method', 'cash', NULL, '2020-09-24 06:10:51', '2020-09-24 06:10:51'),
(294, 23, 'string', 'udf', 'N;', NULL, '2020-09-27 02:28:36', '2020-09-27 02:28:36'),
(295, 23, 'integer', 'accept_status', '1', NULL, '2020-09-27 02:28:36', '2020-09-27 02:28:36'),
(296, 23, 'string', 'ride_status', 'Upcoming', NULL, '2020-09-27 02:28:36', '2020-09-27 02:28:36'),
(297, 23, 'integer', 'booking_type', '1', NULL, '2020-09-27 02:28:36', '2020-09-27 02:28:36'),
(298, 23, 'string', 'journey_date', '27-09-2020', NULL, '2020-09-27 02:28:36', '2020-09-27 02:28:36'),
(299, 23, 'string', 'journey_time', '08:27:13', NULL, '2020-09-27 02:28:36', '2020-09-27 02:28:36'),
(300, 24, 'string', 'udf', 'N;', NULL, '2020-09-27 02:40:28', '2020-09-27 02:40:28'),
(301, 24, 'integer', 'accept_status', '1', NULL, '2020-09-27 02:40:28', '2020-09-27 02:40:28'),
(302, 24, 'string', 'ride_status', 'Upcoming', NULL, '2020-09-27 02:40:28', '2020-09-27 02:40:28'),
(303, 24, 'integer', 'booking_type', '1', NULL, '2020-09-27 02:40:28', '2020-09-27 02:40:28'),
(304, 24, 'string', 'journey_date', '27-09-2020', NULL, '2020-09-27 02:40:28', '2020-09-27 02:40:28'),
(305, 24, 'string', 'journey_time', '08:39:35', NULL, '2020-09-27 02:40:29', '2020-09-27 02:40:29'),
(306, 25, 'string', 'udf', 'N;', NULL, '2020-09-27 02:48:22', '2020-09-27 02:48:22'),
(307, 25, 'integer', 'accept_status', '1', NULL, '2020-09-27 02:48:22', '2020-09-27 02:48:22'),
(308, 25, 'string', 'ride_status', 'Completed', NULL, '2020-09-27 02:48:22', '2020-09-30 23:32:41'),
(309, 25, 'integer', 'booking_type', '1', NULL, '2020-09-27 02:48:22', '2020-09-27 02:48:22'),
(310, 25, 'string', 'journey_date', '30-09-2020', NULL, '2020-09-27 02:48:22', '2020-09-27 02:48:22'),
(311, 25, 'string', 'journey_time', '08:47:58', NULL, '2020-09-27 02:48:22', '2020-09-27 02:48:22'),
(312, 26, 'string', 'udf', 'N;', NULL, '2020-09-27 23:10:44', '2020-09-27 23:10:44'),
(313, 26, 'integer', 'accept_status', '1', NULL, '2020-09-27 23:10:44', '2020-09-27 23:10:44'),
(314, 26, 'string', 'ride_status', 'Completed', NULL, '2020-09-27 23:10:44', '2020-09-28 05:35:11'),
(315, 26, 'integer', 'booking_type', '1', NULL, '2020-09-27 23:10:44', '2020-09-27 23:10:44'),
(316, 26, 'string', 'journey_date', '28-09-2020', NULL, '2020-09-27 23:10:44', '2020-09-27 23:10:44'),
(317, 26, 'string', 'journey_time', '05:08:27', NULL, '2020-09-27 23:10:44', '2020-09-27 23:10:44'),
(318, 26, 'string', 'customerid', '4', NULL, '2020-09-28 05:35:01', '2020-09-28 05:35:01'),
(319, 26, 'string', 'vehicleid', '1', NULL, '2020-09-28 05:35:01', '2020-09-28 05:35:01'),
(320, 26, 'NULL', 'day', NULL, NULL, '2020-09-28 05:35:02', '2020-09-28 05:35:02'),
(321, 26, 'NULL', 'mileage', NULL, NULL, '2020-09-28 05:35:02', '2020-09-28 05:35:02'),
(322, 26, 'string', 'waiting_time', '10', NULL, '2020-09-28 05:35:02', '2020-09-28 05:35:02'),
(323, 26, 'string', 'date', '2020-09-28', NULL, '2020-09-28 05:35:02', '2020-09-28 05:35:02'),
(324, 26, 'string', 'total', '29700', NULL, '2020-09-28 05:35:02', '2020-09-28 05:35:02'),
(325, 26, 'NULL', 'total_kms', NULL, NULL, '2020-09-28 05:35:02', '2020-09-28 05:35:02'),
(326, 26, 'string', 'tax_total', '2970', NULL, '2020-09-28 05:35:02', '2020-09-28 05:35:02'),
(327, 26, 'string', 'total_tax_percent', '0', NULL, '2020-09-28 05:35:02', '2020-09-28 05:35:02'),
(328, 26, 'string', 'total_tax_charge_rs', '0', NULL, '2020-09-28 05:35:02', '2020-09-28 05:35:02'),
(329, 26, 'integer', 'receipt', '1', NULL, '2020-09-28 05:35:03', '2020-09-28 05:35:03'),
(330, 26, 'string', 'payment_method', 'cash', NULL, '2020-09-28 05:35:18', '2020-09-28 05:35:18'),
(331, 27, 'string', 'udf', 'N;', NULL, '2020-09-30 23:30:51', '2020-09-30 23:30:51'),
(332, 27, 'integer', 'accept_status', '1', NULL, '2020-09-30 23:30:51', '2020-09-30 23:30:51'),
(333, 27, 'string', 'ride_status', 'Completed', NULL, '2020-09-30 23:30:51', '2020-09-30 23:31:23'),
(334, 27, 'integer', 'booking_type', '1', NULL, '2020-09-30 23:30:52', '2020-09-30 23:30:52'),
(335, 27, 'string', 'journey_date', '01-10-2020', NULL, '2020-09-30 23:30:52', '2020-09-30 23:30:52'),
(336, 27, 'string', 'journey_time', '05:30:23', NULL, '2020-09-30 23:30:52', '2020-09-30 23:30:52'),
(337, 27, 'string', 'customerid', '4', NULL, '2020-09-30 23:31:07', '2020-09-30 23:31:07'),
(338, 27, 'string', 'vehicleid', '1', NULL, '2020-09-30 23:31:07', '2020-09-30 23:31:07'),
(339, 27, 'NULL', 'day', NULL, NULL, '2020-09-30 23:31:08', '2020-09-30 23:31:08'),
(340, 27, 'NULL', 'mileage', NULL, NULL, '2020-09-30 23:31:08', '2020-09-30 23:31:08'),
(341, 27, 'string', 'waiting_time', '0', NULL, '2020-09-30 23:31:08', '2020-09-30 23:31:08'),
(342, 27, 'string', 'date', '2020-10-01', NULL, '2020-09-30 23:31:08', '2020-09-30 23:31:08'),
(343, 27, 'string', 'total', '24800', NULL, '2020-09-30 23:31:08', '2020-09-30 23:31:08'),
(344, 27, 'NULL', 'total_kms', NULL, NULL, '2020-09-30 23:31:08', '2020-09-30 23:31:08'),
(345, 27, 'string', 'tax_total', '24800', NULL, '2020-09-30 23:31:08', '2020-09-30 23:31:08'),
(346, 27, 'string', 'total_tax_percent', '0', NULL, '2020-09-30 23:31:08', '2020-09-30 23:31:08'),
(347, 27, 'string', 'total_tax_charge_rs', '0', NULL, '2020-09-30 23:31:08', '2020-09-30 23:31:08'),
(348, 27, 'integer', 'receipt', '1', NULL, '2020-09-30 23:31:08', '2020-09-30 23:31:08'),
(349, 27, 'string', 'payment_method', 'cash', NULL, '2020-09-30 23:31:50', '2020-09-30 23:31:50'),
(350, 25, 'string', 'customerid', '4', NULL, '2020-09-30 23:32:15', '2020-09-30 23:32:15'),
(351, 25, 'string', 'vehicleid', '1', NULL, '2020-09-30 23:32:15', '2020-09-30 23:32:15'),
(352, 25, 'NULL', 'day', NULL, NULL, '2020-09-30 23:32:15', '2020-09-30 23:32:15'),
(353, 25, 'NULL', 'mileage', NULL, NULL, '2020-09-30 23:32:15', '2020-09-30 23:32:15'),
(354, 25, 'string', 'waiting_time', '5', NULL, '2020-09-30 23:32:15', '2020-09-30 23:32:15'),
(355, 25, 'string', 'date', '2020-10-01', NULL, '2020-09-30 23:32:15', '2020-09-30 23:32:15'),
(356, 25, 'string', 'total', '19800', NULL, '2020-09-30 23:32:15', '2020-09-30 23:32:15'),
(357, 25, 'NULL', 'total_kms', NULL, NULL, '2020-09-30 23:32:15', '2020-09-30 23:32:15'),
(358, 25, 'string', 'tax_total', '990', NULL, '2020-09-30 23:32:15', '2020-09-30 23:32:15'),
(359, 25, 'string', 'total_tax_percent', '0', NULL, '2020-09-30 23:32:15', '2020-09-30 23:32:15'),
(360, 25, 'string', 'total_tax_charge_rs', '0', NULL, '2020-09-30 23:32:15', '2020-09-30 23:32:15'),
(361, 25, 'integer', 'receipt', '1', NULL, '2020-09-30 23:32:15', '2020-09-30 23:32:15'),
(362, 25, 'string', 'payment_method', 'cash', NULL, '2020-09-30 23:32:55', '2020-09-30 23:32:55'),
(363, 30, 'string', 'ride_status', 'Upcoming', NULL, '2020-10-06 03:37:29', '2020-10-06 03:37:29'),
(364, 30, 'string', 'journey_date', '08-10-2020', NULL, '2020-10-06 03:37:29', '2020-10-06 03:37:29'),
(365, 30, 'string', 'journey_time', '15:37:20', NULL, '2020-10-06 03:37:29', '2020-10-06 03:37:29'),
(366, 30, 'string', 'udf', 'N;', NULL, '2020-10-06 03:37:29', '2020-10-06 03:37:29'),
(367, 31, 'string', 'udf', 'N;', NULL, '2020-10-06 03:39:26', '2020-10-06 03:39:26'),
(368, 31, 'integer', 'accept_status', '1', NULL, '2020-10-06 03:39:26', '2020-10-06 03:39:26'),
(369, 31, 'string', 'ride_status', 'Upcoming', NULL, '2020-10-06 03:39:26', '2020-10-06 03:39:26'),
(370, 31, 'integer', 'booking_type', '1', NULL, '2020-10-06 03:39:26', '2020-10-06 03:39:26'),
(371, 31, 'string', 'journey_date', '06-10-2020', NULL, '2020-10-06 03:39:26', '2020-10-06 03:39:26'),
(372, 31, 'string', 'journey_time', '09:38:24', NULL, '2020-10-06 03:39:26', '2020-10-06 03:39:26'),
(373, 29, 'string', 'ride_status', 'Upcoming', NULL, '2020-10-06 05:10:42', '2020-10-06 05:10:42'),
(374, 29, 'string', 'journey_date', '14-10-2020', NULL, '2020-10-06 05:10:42', '2020-10-06 05:10:42'),
(375, 29, 'string', 'journey_time', '17:10:25', NULL, '2020-10-06 05:10:42', '2020-10-06 05:10:42'),
(376, 29, 'string', 'udf', 'N;', NULL, '2020-10-06 05:10:42', '2020-10-06 05:10:42'),
(377, 34, 'string', 'ride_status', 'Upcoming', NULL, '2020-10-08 01:33:09', '2020-10-08 01:33:09'),
(378, 34, 'string', 'journey_date', '08-10-2020', NULL, '2020-10-08 01:33:09', '2020-10-08 01:33:09'),
(379, 34, 'string', 'journey_time', '13:32:58', NULL, '2020-10-08 01:33:09', '2020-10-08 01:33:09'),
(380, 34, 'string', 'udf', 'N;', NULL, '2020-10-08 01:33:09', '2020-10-08 01:33:09'),
(381, 33, 'string', 'ride_status', 'Upcoming', NULL, '2020-10-08 01:35:38', '2020-10-08 01:35:38'),
(382, 33, 'string', 'journey_date', '14-10-2020', NULL, '2020-10-08 01:35:38', '2020-10-08 01:35:38'),
(383, 33, 'string', 'journey_time', '13:35:31', NULL, '2020-10-08 01:35:38', '2020-10-08 01:35:38'),
(384, 33, 'string', 'udf', 'N;', NULL, '2020-10-08 01:35:38', '2020-10-08 01:35:38'),
(385, 35, 'string', 'ride_status', 'Completed', NULL, '2020-10-08 01:47:39', '2020-10-08 02:10:32'),
(386, 35, 'string', 'journey_date', '16-10-2020', NULL, '2020-10-08 01:47:39', '2020-10-08 01:47:39'),
(387, 35, 'string', 'journey_time', '13:47:23', NULL, '2020-10-08 01:47:39', '2020-10-08 01:47:39'),
(388, 35, 'string', 'udf', 'N;', NULL, '2020-10-08 01:47:39', '2020-10-08 01:47:39'),
(389, 35, 'string', 'customerid', '4', NULL, '2020-10-08 02:10:21', '2020-10-08 02:10:21'),
(390, 35, 'string', 'vehicleid', '1', NULL, '2020-10-08 02:10:21', '2020-10-08 02:10:21'),
(391, 35, 'NULL', 'day', NULL, NULL, '2020-10-08 02:10:21', '2020-10-08 02:10:21'),
(392, 35, 'NULL', 'mileage', NULL, NULL, '2020-10-08 02:10:21', '2020-10-08 02:10:21'),
(393, 35, 'string', 'waiting_time', '10', NULL, '2020-10-08 02:10:21', '2020-10-08 02:10:21'),
(394, 35, 'string', 'date', '2020-10-08', NULL, '2020-10-08 02:10:21', '2020-10-08 02:10:21'),
(395, 35, 'string', 'total', '60000', NULL, '2020-10-08 02:10:21', '2020-10-08 02:10:21'),
(396, 35, 'NULL', 'total_kms', NULL, NULL, '2020-10-08 02:10:21', '2020-10-08 02:10:21'),
(397, 35, 'string', 'tax_total', '6000', NULL, '2020-10-08 02:10:21', '2020-10-08 02:10:21'),
(398, 35, 'string', 'total_tax_percent', '0', NULL, '2020-10-08 02:10:21', '2020-10-08 02:10:21'),
(399, 35, 'string', 'total_tax_charge_rs', '0', NULL, '2020-10-08 02:10:21', '2020-10-08 02:10:21'),
(400, 35, 'integer', 'receipt', '1', NULL, '2020-10-08 02:10:22', '2020-10-08 02:10:22'),
(401, 37, 'string', 'ride_status', 'Upcoming', NULL, '2020-10-08 02:53:56', '2020-10-08 02:53:56'),
(402, 37, 'string', 'journey_date', '21-10-2020', NULL, '2020-10-08 02:53:56', '2020-10-08 02:53:56'),
(403, 37, 'string', 'journey_time', '14:53:40', NULL, '2020-10-08 02:53:56', '2020-10-08 02:53:56'),
(404, 37, 'string', 'udf', 'N;', NULL, '2020-10-08 02:53:56', '2020-10-08 02:53:56'),
(405, 41, 'string', 'ride_status', 'Upcoming', NULL, '2020-10-11 01:20:53', '2020-10-11 01:20:53'),
(406, 41, 'string', 'journey_date', '07-10-2020', NULL, '2020-10-11 01:20:53', '2020-10-11 01:20:53'),
(407, 41, 'string', 'journey_time', '13:20:47', NULL, '2020-10-11 01:20:53', '2020-10-11 01:20:53'),
(408, 41, 'string', 'udf', 'N;', NULL, '2020-10-11 01:20:53', '2020-10-11 01:20:53'),
(409, 48, 'string', 'ride_status', 'Upcoming', NULL, '2020-10-11 01:25:04', '2020-10-11 01:25:04'),
(410, 48, 'string', 'journey_date', '01-10-2012', NULL, '2020-10-11 01:25:04', '2020-10-11 01:25:04'),
(411, 48, 'string', 'journey_time', '00:00:00', NULL, '2020-10-11 01:25:04', '2020-10-11 01:25:04'),
(412, 48, 'string', 'udf', 'N;', NULL, '2020-10-11 01:25:05', '2020-10-11 01:25:05'),
(413, 52, 'string', 'ride_status', 'Upcoming', NULL, '2020-10-11 04:53:29', '2020-10-11 04:53:29'),
(414, 52, 'string', 'journey_date', '01-10-2012', NULL, '2020-10-11 04:53:29', '2020-10-11 04:53:29'),
(415, 52, 'string', 'journey_time', '00:00:00', NULL, '2020-10-11 04:53:29', '2020-10-11 04:53:29'),
(416, 52, 'string', 'udf', 'N;', NULL, '2020-10-11 04:53:29', '2020-10-11 04:53:29'),
(417, 55, 'string', 'ride_status', 'Completed', NULL, '2020-10-11 05:01:35', '2020-10-11 05:08:37'),
(418, 55, 'string', 'journey_date', '01-01-1970', NULL, '2020-10-11 05:01:35', '2020-10-11 05:01:35'),
(419, 55, 'string', 'journey_time', '00:00:00', NULL, '2020-10-11 05:01:35', '2020-10-11 05:01:35'),
(420, 55, 'string', 'udf', 'N;', NULL, '2020-10-11 05:01:35', '2020-10-11 05:01:35'),
(421, 55, 'string', 'customerid', '4', NULL, '2020-10-11 05:08:29', '2020-10-11 05:08:29'),
(422, 55, 'string', 'vehicleid', '2', NULL, '2020-10-11 05:08:29', '2020-10-11 05:08:29'),
(423, 55, 'NULL', 'day', NULL, NULL, '2020-10-11 05:08:29', '2020-10-11 05:08:29'),
(424, 55, 'NULL', 'mileage', NULL, NULL, '2020-10-11 05:08:29', '2020-10-11 05:08:29'),
(425, 55, 'string', 'waiting_time', '10', NULL, '2020-10-11 05:08:29', '2020-10-11 05:08:29'),
(426, 55, 'string', 'date', '2020-10-11', NULL, '2020-10-11 05:08:29', '2020-10-11 05:08:29'),
(427, 55, 'string', 'total', '10000', NULL, '2020-10-11 05:08:29', '2020-10-11 05:08:29'),
(428, 55, 'NULL', 'total_kms', NULL, NULL, '2020-10-11 05:08:29', '2020-10-11 05:08:29'),
(429, 55, 'string', 'tax_total', '1000', NULL, '2020-10-11 05:08:29', '2020-10-11 05:08:29'),
(430, 55, 'string', 'total_tax_percent', '0', NULL, '2020-10-11 05:08:29', '2020-10-11 05:08:29'),
(431, 55, 'string', 'total_tax_charge_rs', '0', NULL, '2020-10-11 05:08:29', '2020-10-11 05:08:29'),
(432, 55, 'integer', 'receipt', '1', NULL, '2020-10-11 05:08:30', '2020-10-11 05:08:30'),
(433, 55, 'string', 'payment_method', 'cash', NULL, '2020-10-11 05:08:43', '2020-10-11 05:08:43'),
(434, 59, 'string', 'ride_status', 'Completed', NULL, '2020-10-13 03:48:05', '2020-10-13 03:48:35'),
(435, 59, 'string', 'journey_date', '01-01-1970', NULL, '2020-10-13 03:48:05', '2020-10-13 03:48:05'),
(436, 59, 'string', 'journey_time', '00:00:00', NULL, '2020-10-13 03:48:05', '2020-10-13 03:48:05'),
(437, 59, 'string', 'udf', 'N;', NULL, '2020-10-13 03:48:05', '2020-10-13 03:48:05'),
(438, 59, 'string', 'customerid', '4', NULL, '2020-10-13 03:48:23', '2020-10-13 03:48:23'),
(439, 59, 'string', 'vehicleid', '1', NULL, '2020-10-13 03:48:23', '2020-10-13 03:48:23'),
(440, 59, 'NULL', 'day', NULL, NULL, '2020-10-13 03:48:23', '2020-10-13 03:48:23'),
(441, 59, 'NULL', 'mileage', NULL, NULL, '2020-10-13 03:48:23', '2020-10-13 03:48:23'),
(442, 59, 'string', 'waiting_time', '5', NULL, '2020-10-13 03:48:23', '2020-10-13 03:48:23'),
(443, 59, 'string', 'date', '2020-10-13', NULL, '2020-10-13 03:48:23', '2020-10-13 03:48:23'),
(444, 59, 'string', 'total', '5000', NULL, '2020-10-13 03:48:23', '2020-10-13 03:48:23'),
(445, 59, 'NULL', 'total_kms', NULL, NULL, '2020-10-13 03:48:23', '2020-10-13 03:48:23'),
(446, 59, 'string', 'tax_total', '250', NULL, '2020-10-13 03:48:23', '2020-10-13 03:48:23'),
(447, 59, 'string', 'total_tax_percent', '0', NULL, '2020-10-13 03:48:23', '2020-10-13 03:48:23'),
(448, 59, 'string', 'total_tax_charge_rs', '0', NULL, '2020-10-13 03:48:23', '2020-10-13 03:48:23'),
(449, 59, 'integer', 'receipt', '1', NULL, '2020-10-13 03:48:23', '2020-10-13 03:48:23'),
(450, 59, 'string', 'payment_method', 'cash', NULL, '2020-10-13 03:48:44', '2020-10-13 03:48:44'),
(451, 62, 'string', 'ride_status', 'Completed', NULL, '2020-10-18 02:22:46', '2020-10-18 02:23:11'),
(452, 62, 'string', 'journey_date', '01-12-2012', NULL, '2020-10-18 02:22:46', '2020-10-18 02:22:46'),
(453, 62, 'string', 'journey_time', '00:00:00', NULL, '2020-10-18 02:22:46', '2020-10-18 02:22:46'),
(454, 62, 'string', 'udf', 'N;', NULL, '2020-10-18 02:22:46', '2020-10-18 02:22:46'),
(455, 62, 'string', 'customerid', '4', NULL, '2020-10-18 02:23:03', '2020-10-18 02:23:03'),
(456, 62, 'string', 'vehicleid', '2', NULL, '2020-10-18 02:23:03', '2020-10-18 02:23:03'),
(457, 62, 'NULL', 'day', NULL, NULL, '2020-10-18 02:23:03', '2020-10-18 02:23:03'),
(458, 62, 'NULL', 'mileage', NULL, NULL, '2020-10-18 02:23:03', '2020-10-18 02:23:03'),
(459, 62, 'string', 'waiting_time', '12', NULL, '2020-10-18 02:23:03', '2020-10-18 02:23:03'),
(460, 62, 'string', 'date', '2020-10-18', NULL, '2020-10-18 02:23:03', '2020-10-18 02:23:03'),
(461, 62, 'string', 'total', '9000', NULL, '2020-10-18 02:23:03', '2020-10-18 02:23:03'),
(462, 62, 'NULL', 'total_kms', NULL, NULL, '2020-10-18 02:23:03', '2020-10-18 02:23:03'),
(463, 62, 'string', 'tax_total', '1080', NULL, '2020-10-18 02:23:03', '2020-10-18 02:23:03'),
(464, 62, 'string', 'total_tax_percent', '0', NULL, '2020-10-18 02:23:03', '2020-10-18 02:23:03'),
(465, 62, 'string', 'total_tax_charge_rs', '0', NULL, '2020-10-18 02:23:03', '2020-10-18 02:23:03'),
(466, 62, 'integer', 'receipt', '1', NULL, '2020-10-18 02:23:04', '2020-10-18 02:23:04'),
(467, 62, 'string', 'payment_method', 'cash', NULL, '2020-10-18 02:23:18', '2020-10-18 02:23:18'),
(468, 70, 'string', 'udf', 'N;', NULL, '2020-11-02 02:23:36', '2020-11-02 02:23:36'),
(469, 70, 'integer', 'accept_status', '1', NULL, '2020-11-02 02:23:36', '2020-11-02 02:23:36'),
(470, 70, 'string', 'ride_status', 'Upcoming', NULL, '2020-11-02 02:23:36', '2020-11-02 02:23:36'),
(471, 70, 'integer', 'booking_type', '1', NULL, '2020-11-02 02:23:36', '2020-11-02 02:23:36'),
(472, 70, 'string', 'journey_date', '10-11-2020', NULL, '2020-11-02 02:23:36', '2020-11-02 02:23:36'),
(473, 70, 'string', 'journey_time', '08:23:19', NULL, '2020-11-02 02:23:36', '2020-11-02 02:23:36'),
(474, 1, 'string', 'udf', 'N;', NULL, '2020-11-02 02:25:47', '2020-11-02 02:25:47'),
(475, 1, 'integer', 'accept_status', '1', NULL, '2020-11-02 02:25:47', '2020-11-02 02:25:47'),
(476, 1, 'integer', 'booking_type', '1', NULL, '2020-11-02 02:25:47', '2020-11-02 02:25:47'),
(477, 2, 'string', 'udf', 'N;', NULL, '2020-11-05 00:24:59', '2020-11-05 00:24:59'),
(478, 5, 'string', 'customerid', '5', NULL, '2020-11-05 00:27:21', '2020-11-05 00:27:21'),
(479, 5, 'string', 'vehicleid', '1', NULL, '2020-11-05 00:27:21', '2020-11-05 00:27:21'),
(480, 5, 'NULL', 'day', NULL, NULL, '2020-11-05 00:27:21', '2020-11-05 00:27:21'),
(481, 5, 'NULL', 'mileage', NULL, NULL, '2020-11-05 00:27:21', '2020-11-05 00:27:21'),
(482, 5, 'string', 'waiting_time', '4', NULL, '2020-11-05 00:27:21', '2020-11-05 00:27:21'),
(483, 5, 'string', 'date', '2020-11-05', NULL, '2020-11-05 00:27:21', '2020-11-05 00:27:21'),
(484, 5, 'string', 'total', '4000', NULL, '2020-11-05 00:27:21', '2020-11-05 00:27:21'),
(485, 5, 'NULL', 'total_kms', NULL, NULL, '2020-11-05 00:27:21', '2020-11-05 00:27:21'),
(486, 5, 'string', 'tax_total', '160', NULL, '2020-11-05 00:27:21', '2020-11-05 00:27:21'),
(487, 5, 'string', 'total_tax_percent', '0', NULL, '2020-11-05 00:27:21', '2020-11-05 00:27:21'),
(488, 5, 'string', 'total_tax_charge_rs', '0', NULL, '2020-11-05 00:27:21', '2020-11-05 00:27:21'),
(489, 5, 'integer', 'receipt', '1', NULL, '2020-11-05 00:27:21', '2020-11-05 00:27:21'),
(490, 5, 'string', 'payment_method', 'cash', NULL, '2020-11-05 00:27:31', '2020-11-05 00:27:31');

-- --------------------------------------------------------

--
-- Table structure for table `booking_income`
--

CREATE TABLE `booking_income` (
  `id` int(10) UNSIGNED NOT NULL,
  `booking_id` int(11) DEFAULT NULL,
  `income_id` int(11) DEFAULT NULL,
  `created_at` timestamp NULL DEFAULT NULL,
  `updated_at` timestamp NULL DEFAULT NULL,
  `deleted_at` timestamp NULL DEFAULT NULL
) ENGINE=InnoDB DEFAULT CHARSET=utf8 COLLATE=utf8_unicode_ci;

--
-- Dumping data for table `booking_income`
--

INSERT INTO `booking_income` (`id`, `booking_id`, `income_id`, `created_at`, `updated_at`, `deleted_at`) VALUES
(1, 1, 3, '2020-09-19 03:22:43', '2020-09-19 03:22:43', NULL),
(2, 2, 4, '2020-09-21 05:48:41', '2020-09-21 05:48:41', NULL),
(3, 3, 5, '2020-09-22 03:55:13', '2020-09-22 03:55:13', NULL),
(4, 10, 6, '2020-09-23 05:23:22', '2020-09-23 05:23:22', NULL),
(5, 8, 7, '2020-09-23 05:28:03', '2020-09-23 05:28:03', NULL),
(6, 11, 8, '2020-09-23 05:30:04', '2020-09-23 05:30:04', NULL),
(7, 12, 9, '2020-09-23 05:35:50', '2020-09-23 05:35:50', NULL),
(8, 15, 10, '2020-09-23 06:24:25', '2020-09-23 06:24:25', NULL),
(9, 14, 11, '2020-09-23 23:23:26', '2020-09-23 23:23:26', NULL),
(10, 13, 12, '2020-09-24 00:22:52', '2020-09-24 00:22:52', NULL),
(11, 16, 13, '2020-09-24 00:33:38', '2020-09-24 00:33:38', NULL),
(12, 20, 14, '2020-09-24 02:14:50', '2020-09-24 02:14:50', NULL),
(13, 22, 15, '2020-09-24 06:10:04', '2020-09-24 06:10:04', NULL),
(14, 26, 16, '2020-09-28 05:35:02', '2020-09-28 05:35:02', NULL),
(15, 27, 17, '2020-09-30 23:31:08', '2020-09-30 23:31:08', NULL),
(16, 25, 18, '2020-09-30 23:32:15', '2020-09-30 23:32:15', NULL),
(17, 35, 21, '2020-10-08 02:10:22', '2020-10-08 02:10:22', NULL),
(18, 55, 22, '2020-10-11 05:08:29', '2020-10-11 05:08:29', NULL),
(19, 59, 23, '2020-10-13 03:48:23', '2020-10-13 03:48:23', NULL),
(20, 62, 24, '2020-10-18 02:23:04', '2020-10-18 02:23:04', NULL),
(21, 5, 25, '2020-11-05 00:27:21', '2020-11-05 00:27:21', NULL);

-- --------------------------------------------------------

--
-- Table structure for table `booking_payments`
--

CREATE TABLE `booking_payments` (
  `id` int(10) UNSIGNED NOT NULL,
  `booking_id` int(11) DEFAULT NULL,
  `method` varchar(255) COLLATE utf8_unicode_ci DEFAULT NULL,
  `transaction_id` varchar(255) COLLATE utf8_unicode_ci DEFAULT NULL,
  `amount` double NOT NULL,
  `payment_status` varchar(255) COLLATE utf8_unicode_ci DEFAULT NULL,
  `payment_details` text COLLATE utf8_unicode_ci DEFAULT NULL,
  `created_at` timestamp NULL DEFAULT NULL,
  `updated_at` timestamp NULL DEFAULT NULL
) ENGINE=InnoDB DEFAULT CHARSET=utf8 COLLATE=utf8_unicode_ci;

--
-- Dumping data for table `booking_payments`
--

INSERT INTO `booking_payments` (`id`, `booking_id`, `method`, `transaction_id`, `amount`, `payment_status`, `payment_details`, `created_at`, `updated_at`) VALUES
(1, 2, 'cash', NULL, 500, 'succeeded', NULL, '2020-09-21 05:48:52', '2020-09-21 05:48:52'),
(2, 3, 'cash', NULL, 500, 'succeeded', NULL, '2020-09-23 05:27:13', '2020-09-23 05:27:13'),
(3, 14, 'cash', NULL, 500, 'succeeded', NULL, '2020-09-23 23:23:57', '2020-09-23 23:23:57'),
(4, 13, 'cash', NULL, 1500, 'succeeded', NULL, '2020-09-24 00:23:45', '2020-09-24 00:23:45'),
(5, 16, 'cash', NULL, 990, 'succeeded', NULL, '2020-09-24 00:33:57', '2020-09-24 00:33:57'),
(6, 20, 'cash', NULL, 1750, 'succeeded', NULL, '2020-09-24 02:15:15', '2020-09-24 02:15:15'),
(7, 22, 'cash', NULL, 330, 'succeeded', NULL, '2020-09-24 06:10:51', '2020-09-24 06:10:51'),
(8, 26, 'cash', NULL, 2970, 'succeeded', NULL, '2020-09-28 05:35:18', '2020-09-28 05:35:18'),
(9, 27, 'cash', NULL, 24800, 'succeeded', NULL, '2020-09-30 23:31:50', '2020-09-30 23:31:50'),
(10, 25, 'cash', NULL, 990, 'succeeded', NULL, '2020-09-30 23:32:55', '2020-09-30 23:32:55'),
(11, 55, 'cash', NULL, 1000, 'succeeded', NULL, '2020-10-11 05:08:43', '2020-10-11 05:08:43'),
(12, 59, 'cash', NULL, 250, 'succeeded', NULL, '2020-10-13 03:48:44', '2020-10-13 03:48:44'),
(13, 62, 'cash', NULL, 1080, 'succeeded', NULL, '2020-10-18 02:23:18', '2020-10-18 02:23:18'),
(14, 3, 'cash', NULL, 500, 'succeeded', NULL, '2020-11-03 04:41:28', '2020-11-03 04:41:28'),
(15, 2, 'cash', NULL, 500, 'succeeded', NULL, '2020-11-05 00:25:09', '2020-11-05 00:25:09'),
(16, 5, 'cash', NULL, 160, 'succeeded', NULL, '2020-11-05 00:27:31', '2020-11-05 00:27:31');

-- --------------------------------------------------------

--
-- Table structure for table `booking_quotation`
--

CREATE TABLE `booking_quotation` (
  `id` bigint(20) UNSIGNED NOT NULL,
  `customer_id` int(11) DEFAULT NULL,
  `user_id` int(11) DEFAULT NULL,
  `vehicle_id` int(11) DEFAULT NULL,
  `driver_id` int(11) DEFAULT NULL,
  `pickup` timestamp NULL DEFAULT NULL,
  `dropoff` timestamp NULL DEFAULT NULL,
  `pickup_addr` varchar(255) COLLATE utf8_unicode_ci DEFAULT NULL,
  `dest_addr` varchar(255) COLLATE utf8_unicode_ci DEFAULT NULL,
  `note` text COLLATE utf8_unicode_ci DEFAULT NULL,
  `travellers` int(11) NOT NULL DEFAULT 1,
  `status` int(11) NOT NULL DEFAULT 0,
  `payment` int(11) NOT NULL DEFAULT 0,
  `day` int(11) DEFAULT NULL,
  `mileage` double DEFAULT NULL,
  `waiting_time` int(11) DEFAULT NULL,
  `total` double DEFAULT NULL,
  `created_at` timestamp NULL DEFAULT NULL,
  `updated_at` timestamp NULL DEFAULT NULL,
  `deleted_at` timestamp NULL DEFAULT NULL,
  `tax_total` double(10,2) DEFAULT NULL,
  `total_tax_percent` double(10,2) DEFAULT NULL,
  `total_tax_charge_rs` double(10,2) DEFAULT NULL
) ENGINE=InnoDB DEFAULT CHARSET=utf8 COLLATE=utf8_unicode_ci;

-- --------------------------------------------------------

--
-- Table structure for table `car_slot`
--

CREATE TABLE `car_slot` (
  `id` int(11) NOT NULL,
  `v_type_id` int(11) NOT NULL,
  `t_slot_id` int(11) NOT NULL,
  `rent` double(10,2) NOT NULL,
  `create_at` timestamp NOT NULL DEFAULT current_timestamp() ON UPDATE current_timestamp()
) ENGINE=InnoDB DEFAULT CHARSET=latin1;

--
-- Dumping data for table `car_slot`
--

INSERT INTO `car_slot` (`id`, `v_type_id`, `t_slot_id`, `rent`, `create_at`) VALUES
(4, 1, 1, 4000.00, '2020-09-29 10:12:30'),
(5, 1, 2, 50000.00, '2020-09-29 11:05:56'),
(8, 3, 1, 2000.00, '2020-09-29 11:03:37'),
(9, 5, 2, 5000.00, '2020-09-29 11:03:48'),
(12, 2, 3, 4000.00, '2020-09-29 11:45:30'),
(14, 6, 2, 4000.00, '2020-10-01 10:35:18'),
(15, 4, 2, 4444.00, '2020-10-01 10:35:37');

-- --------------------------------------------------------

--
-- Table structure for table `color`
--

CREATE TABLE `color` (
  `id` int(11) NOT NULL,
  `name` varchar(255) NOT NULL,
  `status` int(3) NOT NULL,
  `create_at` timestamp NOT NULL DEFAULT current_timestamp() ON UPDATE current_timestamp()
) ENGINE=InnoDB DEFAULT CHARSET=latin1;

--
-- Dumping data for table `color`
--

INSERT INTO `color` (`id`, `name`, `status`, `create_at`) VALUES
(1, 'red', 1, '2020-11-01 08:47:46'),
(2, 'Black', 1, '2020-11-01 08:19:11'),
(3, 'Bule', 1, '2020-11-01 09:28:38');

-- --------------------------------------------------------

--
-- Table structure for table `company_services`
--

CREATE TABLE `company_services` (
  `id` int(10) UNSIGNED NOT NULL,
  `title` varchar(255) COLLATE utf8_unicode_ci DEFAULT NULL,
  `image` varchar(255) COLLATE utf8_unicode_ci DEFAULT NULL,
  `description` text COLLATE utf8_unicode_ci DEFAULT NULL,
  `deleted_at` timestamp NULL DEFAULT NULL,
  `created_at` timestamp NULL DEFAULT NULL,
  `updated_at` timestamp NULL DEFAULT NULL
) ENGINE=InnoDB DEFAULT CHARSET=utf8 COLLATE=utf8_unicode_ci;

--
-- Dumping data for table `company_services`
--

INSERT INTO `company_services` (`id`, `title`, `image`, `description`, `deleted_at`, `created_at`, `updated_at`) VALUES
(1, 'Best price guranteed', 'fleet-bestprice.png', 'Lorem ipsum dolor sit amet, consectetur adipisicing elit.Neque at, nobis repudiandae dolores.', NULL, '2020-09-19 03:22:43', '2020-09-19 03:22:43'),
(2, '24/7 Customer care', 'fleet-care.png', 'Lorem ipsum dolor sit amet, consectetur adipisicing elit.Neque at, nobis repudiandae dolores.', NULL, '2020-09-19 03:22:43', '2020-09-19 03:22:43'),
(3, 'Home pickups', 'fleet-homepickup.png', 'Lorem ipsum dolor sit amet, consectetur adipisicing elit.Neque at, nobis repudiandae dolores.', NULL, '2020-09-19 03:22:43', '2020-09-19 03:22:43'),
(4, 'Easy Bookings', 'fleet-easybooking.png', 'Lorem ipsum dolor sit amet, consectetur adipisicing elit.Neque at, nobis repudiandae dolores.', NULL, '2020-09-19 03:22:43', '2020-09-19 03:22:43');

-- --------------------------------------------------------

--
-- Table structure for table `district`
--

CREATE TABLE `district` (
  `city_id` int(11) NOT NULL,
  `country_id` int(11) NOT NULL,
  `state_id` int(11) NOT NULL,
  `country_code` varchar(2) NOT NULL,
  `city_name` varchar(255) NOT NULL,
  `city_status` int(11) NOT NULL DEFAULT 0
) ENGINE=MyISAM DEFAULT CHARSET=utf8;

--
-- Dumping data for table `district`
--

INSERT INTO `district` (`city_id`, `country_id`, `state_id`, `country_code`, `city_name`, `city_status`) VALUES
(1, 21, 384, 'BD', 'Pirojpur', 0),
(2, 21, 384, 'BD', 'Patuakhali', 0),
(3, 21, 384, 'BD', 'Jhalokati', 0),
(4, 21, 384, 'BD', 'Bhola', 0),
(5, 21, 384, 'BD', 'Barisal', 0),
(6, 21, 384, 'BD', 'Barguna', 0),
(7, 21, 764, 'BD', 'Rangamati', 0),
(8, 21, 764, 'BD', 'Noakhali', 0),
(9, 21, 764, 'BD', 'Lakshmipur', 0),
(10, 21, 764, 'BD', 'Khagrachhari', 0),
(11, 21, 764, 'BD', 'Feni', 0),
(12, 21, 764, 'BD', 'Coxs Bazar', 0),
(13, 21, 764, 'BD', 'Comilla', 0),
(14, 21, 764, 'BD', 'Chittagong', 0),
(15, 21, 764, 'BD', 'Chandpur', 0),
(16, 21, 764, 'BD', 'Brahmanbaria', 0),
(17, 21, 764, 'BD', 'Bandarban', 0),
(18, 21, 925, 'BD', 'Tangail', 0),
(19, 21, 925, 'BD', 'Shariatpur', 0),
(20, 21, 925, 'BD', 'Rajbari', 0),
(21, 21, 925, 'BD', 'Narsingdi', 0),
(22, 21, 925, 'BD', 'Narayanganj', 0),
(23, 21, 925, 'BD', 'Munshiganj', 0),
(24, 21, 925, 'BD', 'Manikganj', 0),
(25, 21, 925, 'BD', 'Madaripur', 0),
(26, 21, 925, 'BD', 'Kishoreganj', 0),
(27, 21, 925, 'BD', 'Gopalganj', 0),
(28, 21, 925, 'BD', 'Gazipur', 0),
(29, 21, 925, 'BD', 'Faridpur', 0),
(30, 21, 925, 'BD', 'Dhaka', 0),
(31, 21, 1688, 'BD', 'Satkhira', 0),
(32, 21, 1688, 'BD', 'Narail', 0),
(33, 21, 1688, 'BD', 'Meherpur', 0),
(34, 21, 1688, 'BD', 'Magura', 0),
(35, 21, 1688, 'BD', 'Kushtia', 0),
(36, 21, 1688, 'BD', 'Khulna', 0),
(37, 21, 1688, 'BD', 'Jhenaidah', 0),
(38, 21, 1688, 'BD', 'Jessore', 0),
(39, 21, 1688, 'BD', 'Chuadanga', 0),
(40, 21, 1688, 'BD', 'Bagerhat', 0),
(41, 21, 4175, 'BD', 'Sherpur', 0),
(42, 21, 4175, 'BD', 'Netrokona', 0),
(43, 21, 4175, 'BD', 'Mymensingh', 0),
(44, 21, 4175, 'BD', 'Jamalpur', 0),
(45, 21, 2854, 'BD', 'Sirajganj', 0),
(46, 21, 2854, 'BD', 'Rajshahi', 0),
(47, 21, 2854, 'BD', 'Pabna', 0),
(48, 21, 2854, 'BD', 'Natore', 0),
(49, 21, 2854, 'BD', 'Naogaon', 0),
(50, 21, 2854, 'BD', 'Joypurhat', 0),
(51, 21, 2854, 'BD', 'Chapai Nawabganj', 0),
(52, 21, 2854, 'BD', 'Bogra', 0),
(53, 21, 3950, 'BD', 'Thakurgaon', 0),
(54, 21, 3950, 'BD', 'Rangpur', 0),
(55, 21, 3950, 'BD', 'Panchagarh', 0),
(56, 21, 3950, 'BD', 'Nilphamari', 0),
(57, 21, 3950, 'BD', 'Lalmonirhat', 0),
(58, 21, 3950, 'BD', 'Kurigram', 0),
(59, 21, 3950, 'BD', 'Gaibandha', 0),
(60, 21, 3950, 'BD', 'Dinajpur', 0),
(61, 21, 3408, 'BD', 'Sylhet', 0),
(62, 21, 3408, 'BD', 'Sunamganj', 0),
(63, 21, 3408, 'BD', 'Moulvibazar', 0),
(64, 21, 3408, 'BD', 'Habiganj', 0);

-- --------------------------------------------------------

--
-- Table structure for table `division`
--

CREATE TABLE `division` (
  `state_id` int(11) NOT NULL,
  `country_id` int(11) DEFAULT NULL,
  `country_code` varchar(2) DEFAULT NULL,
  `state_name` varchar(255) NOT NULL,
  `state_status` int(11) NOT NULL DEFAULT 0
) ENGINE=MyISAM DEFAULT CHARSET=utf8;

--
-- Dumping data for table `division`
--

INSERT INTO `division` (`state_id`, `country_id`, `country_code`, `state_name`, `state_status`) VALUES
(384, 21, 'BD', 'Barisal', 0),
(764, 21, 'BD', 'Chittagong', 0),
(925, 21, 'BD', 'Dhaka', 0),
(1688, 21, 'BD', 'Khulna', 0),
(2854, 21, 'BD', 'Rajshahi', 0),
(3408, 21, 'BD', 'Sylhet', 0),
(3950, 21, 'BD', 'Rangpur\r\n', 0),
(4175, 21, 'BD', 'Mymensingh', 0);

-- --------------------------------------------------------

--
-- Table structure for table `driver_logs`
--

CREATE TABLE `driver_logs` (
  `id` int(10) UNSIGNED NOT NULL,
  `vehicle_id` int(11) NOT NULL,
  `driver_id` int(11) NOT NULL,
  `date` timestamp NULL DEFAULT NULL,
  `created_at` timestamp NULL DEFAULT NULL,
  `updated_at` timestamp NULL DEFAULT NULL
) ENGINE=InnoDB DEFAULT CHARSET=utf8 COLLATE=utf8_unicode_ci;

--
-- Dumping data for table `driver_logs`
--

INSERT INTO `driver_logs` (`id`, `vehicle_id`, `driver_id`, `date`, `created_at`, `updated_at`) VALUES
(1, 1, 6, '2020-09-19 03:22:43', '2020-09-19 03:22:43', '2020-09-19 03:22:43');

-- --------------------------------------------------------

--
-- Table structure for table `driver_vehicle`
--

CREATE TABLE `driver_vehicle` (
  `id` int(10) UNSIGNED NOT NULL,
  `vehicle_id` int(11) DEFAULT NULL,
  `driver_id` int(11) DEFAULT NULL,
  `created_at` timestamp NULL DEFAULT NULL,
  `updated_at` timestamp NULL DEFAULT NULL
) ENGINE=InnoDB DEFAULT CHARSET=utf8 COLLATE=utf8_unicode_ci;

--
-- Dumping data for table `driver_vehicle`
--

INSERT INTO `driver_vehicle` (`id`, `vehicle_id`, `driver_id`, `created_at`, `updated_at`) VALUES
(1, 1, 6, '2020-09-19 03:22:43', '2020-09-19 03:22:43');

-- --------------------------------------------------------

--
-- Table structure for table `email_content`
--

CREATE TABLE `email_content` (
  `id` int(10) UNSIGNED NOT NULL,
  `key` varchar(255) COLLATE utf8_unicode_ci DEFAULT NULL,
  `value` text COLLATE utf8_unicode_ci DEFAULT NULL,
  `created_at` timestamp NULL DEFAULT NULL,
  `updated_at` timestamp NULL DEFAULT NULL,
  `deleted_at` timestamp NULL DEFAULT NULL
) ENGINE=InnoDB DEFAULT CHARSET=utf8 COLLATE=utf8_unicode_ci;

--
-- Dumping data for table `email_content`
--

INSERT INTO `email_content` (`id`, `key`, `value`, `created_at`, `updated_at`, `deleted_at`) VALUES
(1, 'insurance', 'vehicle insurance email content', '2020-09-19 03:22:43', '2020-09-19 03:22:43', NULL),
(2, 'vehicle_licence', 'vehicle licence email content', '2020-09-19 03:22:43', '2020-09-19 03:22:43', NULL),
(3, 'driving_licence', 'driving licence email content', '2020-09-19 03:22:43', '2020-09-19 03:22:43', NULL),
(4, 'registration', 'vehicle registration email content', '2020-09-19 03:22:43', '2020-09-19 03:22:43', NULL),
(5, 'service_reminder', 'service reminder email content', '2020-09-19 03:22:43', '2020-09-19 03:22:43', NULL),
(6, 'users', '', '2020-09-19 03:22:43', '2020-09-19 03:22:43', NULL),
(7, 'options', '', '2020-09-19 03:22:43', '2020-09-19 03:22:43', NULL),
(8, 'email', '0', '2020-09-19 03:22:43', '2020-09-19 03:22:43', NULL);

-- --------------------------------------------------------

--
-- Table structure for table `expense`
--

CREATE TABLE `expense` (
  `id` int(10) UNSIGNED NOT NULL,
  `vehicle_id` int(11) DEFAULT NULL,
  `exp_id` int(11) DEFAULT NULL,
  `type` varchar(10) COLLATE utf8_unicode_ci NOT NULL DEFAULT 'e',
  `amount` double(10,2) NOT NULL DEFAULT 0.00,
  `user_id` int(11) DEFAULT NULL,
  `expense_type` int(11) DEFAULT NULL,
  `comment` text COLLATE utf8_unicode_ci DEFAULT NULL,
  `date` date DEFAULT NULL,
  `created_at` timestamp NULL DEFAULT NULL,
  `updated_at` timestamp NULL DEFAULT NULL,
  `deleted_at` timestamp NULL DEFAULT NULL,
  `vendor_id` int(11) DEFAULT NULL
) ENGINE=InnoDB DEFAULT CHARSET=utf8 COLLATE=utf8_unicode_ci;

--
-- Dumping data for table `expense`
--

INSERT INTO `expense` (`id`, `vehicle_id`, `exp_id`, `type`, `amount`, `user_id`, `expense_type`, `comment`, `date`, `created_at`, `updated_at`, `deleted_at`, `vendor_id`) VALUES
(1, 1, NULL, 'e', 3844.00, 2, 1, 'Sample Comment', '2020-09-18', '2020-09-19 03:22:43', '2020-09-19 03:22:43', NULL, NULL),
(2, 2, NULL, 'e', 2244.00, 3, 4, 'Sample Comment', '2020-09-14', '2020-09-19 03:22:43', '2020-09-19 03:22:43', NULL, NULL),
(3, 1, 1, 'e', 500.00, 2, 8, 'Sample Comment', '2020-09-17', '2020-09-19 03:22:43', '2020-09-19 03:22:43', NULL, NULL),
(4, 1, 2, 'e', 500.00, 2, 8, 'Sample Comment', '2020-09-29', '2020-09-19 03:22:43', '2020-09-19 03:22:43', NULL, NULL);

-- --------------------------------------------------------

--
-- Table structure for table `expense_cat`
--

CREATE TABLE `expense_cat` (
  `id` int(10) UNSIGNED NOT NULL,
  `name` varchar(100) COLLATE utf8_unicode_ci DEFAULT NULL,
  `user_id` int(11) DEFAULT NULL,
  `type` varchar(5) COLLATE utf8_unicode_ci DEFAULT NULL,
  `created_at` timestamp NULL DEFAULT NULL,
  `updated_at` timestamp NULL DEFAULT NULL,
  `deleted_at` timestamp NULL DEFAULT NULL
) ENGINE=InnoDB DEFAULT CHARSET=utf8 COLLATE=utf8_unicode_ci;

--
-- Dumping data for table `expense_cat`
--

INSERT INTO `expense_cat` (`id`, `name`, `user_id`, `type`, `created_at`, `updated_at`, `deleted_at`) VALUES
(1, 'Insurance', 1, 'd', '2020-09-19 03:22:43', '2020-09-19 03:22:43', NULL),
(2, 'Patente', 1, 'd', '2020-09-19 03:22:43', '2020-09-19 03:22:43', NULL),
(3, 'Mechanics', 1, 'd', '2020-09-19 03:22:43', '2020-09-19 03:22:43', NULL),
(4, 'Car wash', 1, 'd', '2020-09-19 03:22:43', '2020-09-19 03:22:43', NULL),
(5, 'Vignette', 1, 'd', '2020-09-19 03:22:43', '2020-09-19 03:22:43', NULL),
(6, 'Maintenance', 14, 'd', '2020-09-19 03:22:43', '2020-09-19 03:22:43', NULL),
(7, 'Parking', 14, 'd', '2020-09-19 03:22:43', '2020-09-19 03:22:43', NULL),
(8, 'Fuel', 15, 'd', '2020-09-19 03:22:43', '2020-09-19 03:22:43', NULL),
(9, 'Car Services', 1, 'd', '2020-09-19 03:22:43', '2020-09-19 03:22:43', NULL);

-- --------------------------------------------------------

--
-- Table structure for table `fare_commission`
--

CREATE TABLE `fare_commission` (
  `id` int(11) NOT NULL,
  `start` double(10,2) NOT NULL,
  `end` double(10,2) NOT NULL,
  `commission` int(11) NOT NULL
) ENGINE=InnoDB DEFAULT CHARSET=latin1;

--
-- Dumping data for table `fare_commission`
--

INSERT INTO `fare_commission` (`id`, `start`, `end`, `commission`) VALUES
(3, 3000.00, 4000.00, 4),
(4, 3000.00, 4000.00, 5),
(5, 3000.00, 6000.00, 5),
(6, 13000.00, 24000.00, 30),
(7, 10000.00, 12999.00, 10);

-- --------------------------------------------------------

--
-- Table structure for table `fare_settings`
--

CREATE TABLE `fare_settings` (
  `id` int(10) UNSIGNED NOT NULL,
  `key_name` varchar(255) COLLATE utf8_unicode_ci DEFAULT NULL,
  `key_value` text COLLATE utf8_unicode_ci DEFAULT NULL,
  `created_at` timestamp NULL DEFAULT NULL,
  `updated_at` timestamp NULL DEFAULT NULL,
  `deleted_at` timestamp NULL DEFAULT NULL,
  `type_id` int(11) DEFAULT NULL
) ENGINE=InnoDB DEFAULT CHARSET=utf8 COLLATE=utf8_unicode_ci;

--
-- Dumping data for table `fare_settings`
--

INSERT INTO `fare_settings` (`id`, `key_name`, `key_value`, `created_at`, `updated_at`, `deleted_at`, `type_id`) VALUES
(1, 'axio_base_fare', '500', '2020-09-19 03:22:43', '2020-09-21 03:21:07', NULL, 1),
(2, 'axio_base_km', '10', '2020-09-19 03:22:43', '2020-09-21 03:21:07', NULL, 1),
(3, 'axio_base_time', '2', '2020-09-19 03:22:43', '2020-09-21 03:21:07', NULL, 1),
(4, 'axio_std_fare', '20', '2020-09-19 03:22:43', '2020-09-21 03:21:08', NULL, 1),
(5, 'axio_weekend_base_fare', '500', '2020-09-19 03:22:43', '2020-09-21 03:21:08', NULL, 1),
(6, 'axio_weekend_base_km', '10', '2020-09-19 03:22:43', '2020-09-21 03:21:08', NULL, 1),
(7, 'axio_weekend_wait_time', '2', '2020-09-19 03:22:43', '2020-09-21 03:21:08', NULL, 1),
(8, 'axio_weekend_std_fare', '20', '2020-09-19 03:22:43', '2020-09-21 03:21:08', NULL, 1),
(9, 'axio_night_base_fare', '500', '2020-09-19 03:22:43', '2020-09-21 03:21:08', NULL, 1),
(10, 'axio_night_base_km', '10', '2020-09-19 03:22:43', '2020-09-21 03:21:08', NULL, 1),
(11, 'axio_night_wait_time', '2', '2020-09-19 03:22:43', '2020-09-21 03:21:08', NULL, 1),
(12, 'axio_night_std_fare', '20', '2020-09-19 03:22:43', '2020-09-21 03:21:08', NULL, 1),
(13, 'corolla_base_fare', '500', '2020-09-19 03:22:43', '2020-09-21 03:21:29', NULL, 2),
(14, 'corolla_base_km', '10', '2020-09-19 03:22:43', '2020-09-21 03:21:29', NULL, 2),
(15, 'corolla_base_time', '2', '2020-09-19 03:22:43', '2020-09-21 03:21:29', NULL, 2),
(16, 'corolla_std_fare', '20', '2020-09-19 03:22:43', '2020-09-21 03:21:29', NULL, 2),
(17, 'corolla_weekend_base_fare', '500', '2020-09-19 03:22:43', '2020-09-21 03:21:29', NULL, 2),
(18, 'corolla_weekend_base_km', '10', '2020-09-19 03:22:43', '2020-09-21 03:21:29', NULL, 2),
(19, 'corolla_weekend_wait_time', '2', '2020-09-19 03:22:43', '2020-09-21 03:21:29', NULL, 2),
(20, 'corolla_weekend_std_fare', '20', '2020-09-19 03:22:43', '2020-09-21 03:21:29', NULL, 2),
(21, 'corolla_night_base_fare', '500', '2020-09-19 03:22:43', '2020-09-21 03:21:29', NULL, 2),
(22, 'corolla_night_base_km', '10', '2020-09-19 03:22:43', '2020-09-21 03:21:29', NULL, 2),
(23, 'corolla_night_wait_time', '2', '2020-09-19 03:22:43', '2020-09-21 03:21:29', NULL, 2),
(24, 'corolla_night_std_fare', '20', '2020-09-19 03:22:43', '2020-09-21 03:21:30', NULL, 2),
(25, 'allion/premio_base_fare', '500', '2020-09-19 03:22:43', '2020-09-21 03:22:05', NULL, 3),
(26, 'allion/premio_base_km', '10', '2020-09-19 03:22:43', '2020-09-21 03:22:05', NULL, 3),
(27, 'allion/premio_base_time', '2', '2020-09-19 03:22:43', '2020-09-21 03:22:05', NULL, 3),
(28, 'allion/premio_std_fare', '20', '2020-09-19 03:22:43', '2020-09-21 03:22:05', NULL, 3),
(29, 'allion/premio_weekend_base_fare', '500', '2020-09-19 03:22:43', '2020-09-21 03:22:05', NULL, 3),
(30, 'allion/premio_weekend_base_km', '10', '2020-09-19 03:22:43', '2020-09-21 03:22:05', NULL, 3),
(31, 'allion/premio_weekend_wait_time', '2', '2020-09-19 03:22:43', '2020-09-21 03:22:05', NULL, 3),
(32, 'allion/premio_weekend_std_fare', '20', '2020-09-19 03:22:43', '2020-09-21 03:22:06', NULL, 3),
(33, 'allion/premio_night_base_fare', '500', '2020-09-19 03:22:43', '2020-09-21 03:22:06', NULL, 3),
(34, 'allion/premio_night_base_km', '10', '2020-09-19 03:22:43', '2020-09-21 03:22:06', NULL, 3),
(35, 'allion/premio_night_wait_time', '2', '2020-09-19 03:22:43', '2020-09-21 03:22:06', NULL, 3),
(36, 'allion/premio_night_std_fare', '20', '2020-09-19 03:22:43', '2020-09-21 03:22:06', NULL, 3),
(37, 'dx-noah_base_fare', '500', '2020-09-19 03:22:43', '2020-09-21 03:22:18', NULL, 4),
(38, 'dx-noah_base_km', '10', '2020-09-19 03:22:43', '2020-09-21 03:22:18', NULL, 4),
(39, 'dx-noah_base_time', '2', '2020-09-19 03:22:43', '2020-09-21 03:22:18', NULL, 4),
(40, 'dx-noah_std_fare', '20', '2020-09-19 03:22:43', '2020-09-21 03:22:18', NULL, 4),
(41, 'dx-noah_weekend_base_fare', '500', '2020-09-19 03:22:43', '2020-09-21 03:22:18', NULL, 4),
(42, 'dx-noah_weekend_base_km', '10', '2020-09-19 03:22:43', '2020-09-21 03:22:18', NULL, 4),
(43, 'dx-noah_weekend_wait_time', '2', '2020-09-19 03:22:43', '2020-09-21 03:22:18', NULL, 4),
(44, 'dx-noah_weekend_std_fare', '20', '2020-09-19 03:22:43', '2020-09-21 03:22:18', NULL, 4),
(45, 'dx-noah_night_base_fare', '500', '2020-09-19 03:22:43', '2020-09-21 03:22:18', NULL, 4),
(46, 'dx-noah_night_base_km', '10', '2020-09-19 03:22:43', '2020-09-21 03:22:18', NULL, 4),
(47, 'dx-noah_night_wait_time', '2', '2020-09-19 03:22:43', '2020-09-21 03:22:18', NULL, 4),
(48, 'dx-noah_night_std_fare', '20', '2020-09-19 03:22:43', '2020-09-21 03:22:18', NULL, 4),
(49, 'x-noah_base_fare', '500', '2020-09-19 03:22:43', '2020-09-21 03:22:38', NULL, 5),
(50, 'x-noah_base_km', '10', '2020-09-19 03:22:43', '2020-09-21 03:22:38', NULL, 5),
(51, 'x-noah_base_time', '2', '2020-09-19 03:22:43', '2020-09-21 03:22:38', NULL, 5),
(52, 'x-noah_std_fare', '20', '2020-09-19 03:22:43', '2020-09-21 03:22:38', NULL, 5),
(53, 'x-noah_weekend_base_fare', '500', '2020-09-19 03:22:43', '2020-09-21 03:22:38', NULL, 5),
(54, 'x-noah_weekend_base_km', '10', '2020-09-19 03:22:43', '2020-09-21 03:22:38', NULL, 5),
(55, 'x-noah_weekend_wait_time', '2', '2020-09-19 03:22:43', '2020-09-21 03:22:38', NULL, 5),
(56, 'x-noah_weekend_std_fare', '20', '2020-09-19 03:22:43', '2020-09-21 03:22:38', NULL, 5),
(57, 'x-noah_night_base_fare', '500', '2020-09-19 03:22:43', '2020-09-21 03:22:38', NULL, 5),
(58, 'x-noah_night_base_km', '10', '2020-09-19 03:22:43', '2020-09-21 03:22:38', NULL, 5),
(59, 'x-noah_night_wait_time', '2', '2020-09-19 03:22:43', '2020-09-21 03:22:38', NULL, 5),
(60, 'x-noah_night_std_fare', '20', '2020-09-19 03:22:43', '2020-09-21 03:22:38', NULL, 5),
(61, 'hiace_base_fare', '500', '2020-09-19 03:22:43', '2020-09-21 03:22:59', NULL, 6),
(62, 'hiace_base_km', '10', '2020-09-19 03:22:43', '2020-09-21 03:22:59', NULL, 6),
(63, 'hiace_base_time', '2', '2020-09-19 03:22:43', '2020-09-21 03:22:59', NULL, 6),
(64, 'hiace_std_fare', '20', '2020-09-19 03:22:43', '2020-09-21 03:23:00', NULL, 6),
(65, 'hiace_weekend_base_fare', '500', '2020-09-19 03:22:43', '2020-09-21 03:23:00', NULL, 6),
(66, 'hiace_weekend_base_km', '10', '2020-09-19 03:22:43', '2020-09-21 03:23:00', NULL, 6),
(67, 'hiace_weekend_wait_time', '2', '2020-09-19 03:22:43', '2020-09-21 03:23:00', NULL, 6),
(68, 'hiace_weekend_std_fare', '20', '2020-09-19 03:22:43', '2020-09-21 03:23:00', NULL, 6),
(69, 'hiace_night_base_fare', '500', '2020-09-19 03:22:43', '2020-09-21 03:23:00', NULL, 6),
(70, 'hiace_night_base_km', '10', '2020-09-19 03:22:43', '2020-09-21 03:23:00', NULL, 6),
(71, 'hiace_night_wait_time', '2', '2020-09-19 03:22:43', '2020-09-21 03:23:00', NULL, 6),
(72, 'hiace_night_std_fare', '20', '2020-09-19 03:22:43', '2020-09-21 03:23:00', NULL, 6),
(73, 'truck_base_fare', '500', '2020-09-19 03:22:43', '2020-09-19 03:22:43', NULL, 7),
(74, 'truck_base_km', '10', '2020-09-19 03:22:43', '2020-09-19 03:22:43', NULL, 7),
(75, 'truck_base_time', '2', '2020-09-19 03:22:43', '2020-09-19 03:22:43', NULL, 7),
(76, 'truck_std_fare', '20', '2020-09-19 03:22:43', '2020-09-19 03:22:43', NULL, 7),
(77, 'truck_weekend_base_fare', '500', '2020-09-19 03:22:43', '2020-09-19 03:22:43', NULL, 7),
(78, 'truck_weekend_base_km', '10', '2020-09-19 03:22:43', '2020-09-19 03:22:43', NULL, 7),
(79, 'truck_weekend_wait_time', '2', '2020-09-19 03:22:43', '2020-09-19 03:22:43', NULL, 7),
(80, 'truck_weekend_std_fare', '20', '2020-09-19 03:22:43', '2020-09-19 03:22:43', NULL, 7),
(81, 'truck_night_base_fare', '500', '2020-09-19 03:22:43', '2020-09-19 03:22:43', NULL, 7),
(82, 'truck_night_base_km', '10', '2020-09-19 03:22:43', '2020-09-19 03:22:43', NULL, 7),
(83, 'truck_night_wait_time', '2', '2020-09-19 03:22:43', '2020-09-19 03:22:43', NULL, 7),
(84, 'truck_night_std_fare', '20', '2020-09-19 03:22:43', '2020-09-19 03:22:43', NULL, 7);

-- --------------------------------------------------------

--
-- Table structure for table `frontend`
--

CREATE TABLE `frontend` (
  `id` int(10) UNSIGNED NOT NULL,
  `key_name` varchar(255) COLLATE utf8_unicode_ci DEFAULT NULL,
  `key_value` text COLLATE utf8_unicode_ci DEFAULT NULL,
  `created_at` timestamp NULL DEFAULT NULL,
  `updated_at` timestamp NULL DEFAULT NULL,
  `deleted_at` timestamp NULL DEFAULT NULL
) ENGINE=InnoDB DEFAULT CHARSET=utf8 COLLATE=utf8_unicode_ci;

--
-- Dumping data for table `frontend`
--

INSERT INTO `frontend` (`id`, `key_name`, `key_value`, `created_at`, `updated_at`, `deleted_at`) VALUES
(1, 'about_us', 'Lorem ipsum dolor sit amet, consectetur adipiscing elit, sed do eiusmod tempor incididunt ut labore et dolore magna aliqua.', '2020-09-19 03:22:43', '2020-09-19 03:22:43', NULL),
(2, 'contact_email', 'master@admin.com', '2020-09-19 03:22:43', '2020-09-19 03:22:43', NULL),
(3, 'contact_phone', '0123456789', '2020-09-19 03:22:43', '2020-09-19 03:22:43', NULL),
(4, 'customer_support', '0999988888', '2020-09-19 03:22:43', '2020-09-19 03:22:43', NULL),
(5, 'about_description', 'Lorem ipsum dolor sit amet, consectetur adipiscing elit, sed do eiusmod tempor incididunt ut labore et dolore magna aliqua.', '2020-09-19 03:22:43', '2020-09-19 03:22:43', NULL),
(6, 'about_title', 'Proudly serving you', '2020-09-19 03:22:43', '2020-09-19 03:22:43', NULL),
(7, 'facebook', NULL, '2020-09-19 03:22:43', '2020-09-19 03:22:43', NULL),
(8, 'twitter', NULL, '2020-09-19 03:22:43', '2020-09-19 03:22:43', NULL),
(9, 'instagram', NULL, '2020-09-19 03:22:43', '2020-09-19 03:22:43', NULL),
(10, 'linkedin', NULL, '2020-09-19 03:22:43', '2020-09-19 03:22:43', NULL),
(11, 'faq_link', NULL, '2020-09-19 03:22:43', '2020-09-19 03:22:43', NULL),
(12, 'cities', '5', '2020-09-19 03:22:43', '2020-09-19 03:22:43', NULL),
(13, 'vehicles', '10', '2020-09-19 03:22:43', '2020-09-19 03:22:43', NULL),
(14, 'cancellation', NULL, '2020-09-19 03:22:43', '2020-09-19 03:22:43', NULL),
(15, 'terms', NULL, '2020-09-19 03:22:43', '2020-09-19 03:22:43', NULL),
(16, 'privacy_policy', NULL, '2020-09-19 03:22:43', '2020-09-19 03:22:43', NULL),
(17, 'enable', '1', '2020-09-19 03:22:43', '2020-09-19 03:22:43', NULL),
(18, 'language', 'en', '2020-09-19 03:22:43', '2020-09-19 03:22:43', NULL);

-- --------------------------------------------------------

--
-- Table structure for table `fuel`
--

CREATE TABLE `fuel` (
  `id` int(10) UNSIGNED NOT NULL,
  `vehicle_id` int(11) DEFAULT NULL,
  `user_id` int(11) DEFAULT NULL,
  `start_meter` varchar(255) COLLATE utf8_unicode_ci DEFAULT NULL,
  `end_meter` varchar(255) COLLATE utf8_unicode_ci DEFAULT NULL,
  `reference` varchar(255) COLLATE utf8_unicode_ci DEFAULT NULL,
  `province` varchar(255) COLLATE utf8_unicode_ci DEFAULT NULL,
  `note` text COLLATE utf8_unicode_ci DEFAULT NULL,
  `vendor_name` varchar(255) COLLATE utf8_unicode_ci DEFAULT NULL,
  `qty` int(11) DEFAULT NULL,
  `fuel_from` varchar(255) COLLATE utf8_unicode_ci DEFAULT NULL,
  `cost_per_unit` varchar(255) COLLATE utf8_unicode_ci DEFAULT NULL,
  `consumption` int(11) DEFAULT NULL,
  `complete` int(11) DEFAULT 0,
  `date` date DEFAULT NULL,
  `created_at` timestamp NULL DEFAULT NULL,
  `updated_at` timestamp NULL DEFAULT NULL,
  `deleted_at` timestamp NULL DEFAULT NULL
) ENGINE=InnoDB DEFAULT CHARSET=utf8 COLLATE=utf8_unicode_ci;

--
-- Dumping data for table `fuel`
--

INSERT INTO `fuel` (`id`, `vehicle_id`, `user_id`, `start_meter`, `end_meter`, `reference`, `province`, `note`, `vendor_name`, `qty`, `fuel_from`, `cost_per_unit`, `consumption`, `complete`, `date`, `created_at`, `updated_at`, `deleted_at`) VALUES
(1, 1, 2, '1000', '2000', NULL, 'Gujarat', 'sample note', NULL, 10, 'Fuel Tank', '50', 100, 0, '2020-09-17', '2020-09-19 03:22:43', '2020-09-19 03:22:43', NULL),
(2, 1, 2, '2000', '0', NULL, 'Gujarat', 'sample note', NULL, 10, 'Fuel Tank', '50', 0, 0, '2020-09-29', '2020-09-19 03:22:43', '2020-09-19 03:22:43', NULL);

-- --------------------------------------------------------

--
-- Table structure for table `guest_car`
--

CREATE TABLE `guest_car` (
  `id` int(11) NOT NULL,
  `booking_id` int(11) NOT NULL,
  `car_slot_id` int(11) NOT NULL,
  `car` int(11) NOT NULL,
  `created_at` timestamp NOT NULL DEFAULT current_timestamp() ON UPDATE current_timestamp()
) ENGINE=InnoDB DEFAULT CHARSET=latin1;

--
-- Dumping data for table `guest_car`
--

INSERT INTO `guest_car` (`id`, `booking_id`, `car_slot_id`, `car`, `created_at`) VALUES
(1, 39, 4, 2, '2020-10-08 03:23:02'),
(2, 39, 5, 3, '2020-10-08 03:23:03'),
(3, 40, 8, 5, '2020-10-08 05:58:49'),
(4, 41, 4, 1, '2020-10-08 06:14:59'),
(5, 41, 5, 2, '2020-10-08 06:14:59'),
(6, 49, 4, 5, '2020-10-11 04:16:12'),
(7, 49, 5, 1, '2020-10-11 04:16:12'),
(14, 55, 8, 5, '2020-10-11 04:59:15'),
(17, 64, 12, 3, '2020-10-18 03:39:45'),
(18, 68, 4, 2, '2020-10-20 01:45:41'),
(19, 68, 5, 1, '2020-10-20 01:45:41'),
(20, 2, 4, 1, '2020-11-03 04:29:55'),
(21, 2, 5, 2, '2020-11-03 04:29:55'),
(22, 3, 4, 1, '2020-11-03 04:38:09'),
(23, 3, 8, 2, '2020-11-03 04:38:09'),
(24, 4, 4, 1, '2020-11-03 05:29:36'),
(25, 4, 8, 1, '2020-11-03 05:29:37');

-- --------------------------------------------------------

--
-- Table structure for table `income`
--

CREATE TABLE `income` (
  `id` int(10) UNSIGNED NOT NULL,
  `vehicle_id` int(11) DEFAULT NULL,
  `income_id` int(11) DEFAULT NULL,
  `amount` double(10,2) NOT NULL DEFAULT 0.00,
  `user_id` int(11) DEFAULT NULL,
  `income_cat` int(11) DEFAULT NULL,
  `mileage` int(11) DEFAULT NULL,
  `date` date DEFAULT NULL,
  `created_at` timestamp NULL DEFAULT NULL,
  `updated_at` timestamp NULL DEFAULT NULL,
  `deleted_at` timestamp NULL DEFAULT NULL,
  `tax_percent` double(10,2) DEFAULT NULL,
  `tax_charge_rs` double(10,2) DEFAULT NULL
) ENGINE=InnoDB DEFAULT CHARSET=utf8 COLLATE=utf8_unicode_ci;

--
-- Dumping data for table `income`
--

INSERT INTO `income` (`id`, `vehicle_id`, `income_id`, `amount`, `user_id`, `income_cat`, `mileage`, `date`, `created_at`, `updated_at`, `deleted_at`, `tax_percent`, `tax_charge_rs`) VALUES
(3, 1, 1, 500.00, 1, 1, 10, '2020-09-19', '2020-09-19 03:22:43', '2020-09-23 05:37:39', '2020-09-23 05:37:39', 0.00, 0.00),
(4, 1, 2, 500.00, 5, 1, 10, '2020-09-21', '2020-09-21 05:48:41', '2020-09-23 05:37:39', '2020-09-23 05:37:39', 0.00, 0.00),
(5, 1, 3, 500.00, 1, 1, 10, '2020-09-22', '2020-09-22 03:55:13', '2020-09-23 05:37:39', '2020-09-23 05:37:39', 0.00, 0.00),
(6, 1, 10, 1000.00, 4, 1, NULL, '2020-09-23', '2020-09-23 05:23:22', '2020-09-23 05:23:22', NULL, 10.00, 0.00),
(7, 2, 8, 45.00, 5, 1, NULL, '2020-09-23', '2020-09-23 05:28:03', '2020-09-23 05:37:28', '2020-09-23 05:37:28', 3.00, 0.00),
(8, 2, 11, 1900.00, 5, 1, NULL, '2020-09-23', '2020-09-23 05:30:04', '2020-09-23 05:30:04', NULL, 10.00, 0.00),
(9, 1, 12, 250.00, 5, 1, NULL, '2020-09-23', '2020-09-23 05:35:50', '2020-09-23 05:35:50', NULL, 5.00, 0.00),
(10, 1, 15, 1500.00, 5, 1, NULL, '2020-09-23', '2020-09-23 06:24:25', '2020-09-23 06:24:25', NULL, 10.00, 0.00),
(11, 1, 14, 500.00, 5, 1, 10, '2020-09-24', '2020-09-23 23:23:26', '2020-09-23 23:23:26', NULL, 0.00, 0.00),
(12, 1, 13, 1500.00, 5, 1, 10, '2020-09-24', '2020-09-24 00:22:52', '2020-09-24 00:22:52', NULL, 0.00, 0.00),
(13, 1, 16, 990.00, 5, 1, NULL, '2020-09-24', '2020-09-24 00:33:38', '2020-09-24 00:33:38', NULL, 0.00, 0.00),
(14, 2, 20, 1750.00, 4, 1, NULL, '2020-09-24', '2020-09-24 02:14:50', '2020-09-24 02:14:50', NULL, 0.00, 0.00),
(15, 1, 22, 330.00, 4, 1, NULL, '2020-09-24', '2020-09-24 06:10:04', '2020-09-24 06:10:04', NULL, 0.00, 0.00),
(16, 1, 26, 2970.00, 4, 1, NULL, '2020-09-28', '2020-09-28 05:35:02', '2020-09-28 05:35:02', NULL, 0.00, 0.00),
(17, 1, 27, 24800.00, 4, 1, NULL, '2020-10-01', '2020-09-30 23:31:08', '2020-09-30 23:31:08', NULL, 0.00, 0.00),
(18, 1, 25, 990.00, 4, 1, NULL, '2020-10-01', '2020-09-30 23:32:15', '2020-09-30 23:32:15', NULL, 0.00, 0.00),
(19, 1, NULL, 1000.00, 1, 1, 45464, '2020-10-01', '2020-09-30 23:34:31', '2020-09-30 23:34:31', NULL, 0.00, 0.00),
(20, 1, NULL, 10000.00, 1, 3, 45464, '2020-10-04', '2020-10-04 03:49:43', '2020-10-04 03:49:43', NULL, 0.00, 0.00),
(21, 1, 35, 6000.00, 4, 2, NULL, '2020-10-08', '2020-10-08 02:10:22', '2020-10-08 02:10:22', NULL, 0.00, 0.00),
(22, 2, 55, 1000.00, 4, 2, NULL, '2020-10-11', '2020-10-11 05:08:29', '2020-10-11 05:08:29', NULL, 0.00, 0.00),
(23, 1, 59, 250.00, 4, 3, NULL, '2020-10-13', '2020-10-13 03:48:23', '2020-10-13 03:48:23', NULL, 0.00, 0.00),
(24, 2, 62, 1080.00, 4, 1, NULL, '2020-10-18', '2020-10-18 02:23:03', '2020-10-18 02:23:03', NULL, 0.00, 0.00),
(25, 1, 5, 160.00, 5, 1, NULL, '2020-11-05', '2020-11-05 00:27:21', '2020-11-05 00:27:21', NULL, 0.00, 0.00);

-- --------------------------------------------------------

--
-- Table structure for table `income_cat`
--

CREATE TABLE `income_cat` (
  `id` int(10) UNSIGNED NOT NULL,
  `name` varchar(100) COLLATE utf8_unicode_ci DEFAULT NULL,
  `user_id` int(11) DEFAULT NULL,
  `type` varchar(5) COLLATE utf8_unicode_ci DEFAULT NULL,
  `created_at` timestamp NULL DEFAULT NULL,
  `updated_at` timestamp NULL DEFAULT NULL,
  `deleted_at` timestamp NULL DEFAULT NULL
) ENGINE=InnoDB DEFAULT CHARSET=utf8 COLLATE=utf8_unicode_ci;

--
-- Dumping data for table `income_cat`
--

INSERT INTO `income_cat` (`id`, `name`, `user_id`, `type`, `created_at`, `updated_at`, `deleted_at`) VALUES
(1, 'Pick & Drop', 1, 'd', '2020-09-19 03:22:43', '2020-09-23 04:18:27', NULL),
(2, 'Wedding', 1, 'u', '2020-09-23 04:18:36', '2020-09-23 04:18:36', NULL),
(3, 'Package', 1, 'u', '2020-09-23 04:18:47', '2020-09-23 04:18:47', NULL);

-- --------------------------------------------------------

--
-- Table structure for table `intercity_fare`
--

CREATE TABLE `intercity_fare` (
  `id` int(11) NOT NULL,
  `from_thana_id` int(11) NOT NULL,
  `to_thana_id` int(11) NOT NULL,
  `vehicle_type_id` int(11) NOT NULL,
  `fare` double(10,2) NOT NULL,
  `return_extra_fare` double(10,2) NOT NULL,
  `create_at` timestamp NOT NULL DEFAULT current_timestamp() ON UPDATE current_timestamp()
) ENGINE=InnoDB DEFAULT CHARSET=latin1;

--
-- Dumping data for table `intercity_fare`
--

INSERT INTO `intercity_fare` (`id`, `from_thana_id`, `to_thana_id`, `vehicle_type_id`, `fare`, `return_extra_fare`, `create_at`) VALUES
(26, 539, 144, 2, 3000.00, 500.00, '2020-10-18 05:47:31'),
(27, 539, 144, 1, 5000.00, 300.00, '2020-10-18 05:47:31'),
(28, 539, 144, 3, 3300.00, 500.00, '2020-10-18 05:47:31'),
(29, 539, 144, 4, 3300.00, 500.00, '2020-10-18 05:47:31'),
(30, 539, 144, 5, 3700.00, 500.00, '2020-10-18 05:47:31'),
(31, 539, 144, 6, 4000.00, 500.00, '2020-10-18 05:47:32'),
(32, 539, 144, 7, 0.00, 0.00, '2020-10-18 05:47:32'),
(33, 539, 146, 2, 3000.00, 500.00, '2020-10-18 05:47:32'),
(34, 539, 146, 1, 3000.00, 500.00, '2020-10-18 05:47:32'),
(35, 539, 146, 3, 3300.00, 500.00, '2020-10-18 05:47:32'),
(36, 539, 146, 4, 3300.00, 500.00, '2020-10-18 05:47:32'),
(37, 539, 146, 5, 3700.00, 500.00, '2020-10-18 05:47:32'),
(38, 539, 146, 6, 4000.00, 500.00, '2020-10-18 05:47:32'),
(39, 539, 146, 7, 0.00, 0.00, '2020-10-18 05:47:32'),
(40, 539, 145, 2, 2000.00, 500.00, '2020-10-18 05:47:32'),
(41, 539, 145, 1, 2000.00, 500.00, '2020-10-18 05:47:32'),
(42, 539, 145, 3, 2000.00, 500.00, '2020-10-18 05:47:32'),
(43, 539, 145, 4, 2000.00, 500.00, '2020-10-18 05:47:32'),
(44, 539, 145, 5, 2200.00, 500.00, '2020-10-18 05:47:32'),
(45, 539, 145, 6, 2500.00, 500.00, '2020-10-18 05:47:32'),
(46, 539, 145, 7, 0.00, 0.00, '2020-10-18 05:47:32'),
(47, 539, 147, 2, 1500.00, 500.00, '2020-10-18 05:47:32'),
(48, 539, 147, 1, 1500.00, 500.00, '2020-10-18 05:47:32'),
(49, 539, 147, 3, 2000.00, 500.00, '2020-10-18 05:47:32'),
(50, 539, 147, 4, 2000.00, 500.00, '2020-10-18 05:47:32'),
(51, 539, 147, 5, 2200.00, 500.00, '2020-10-18 05:47:32'),
(52, 539, 147, 6, 2500.00, 500.00, '2020-10-18 05:47:32'),
(53, 539, 147, 7, 0.00, 0.00, '2020-10-18 05:47:32'),
(54, 539, 143, 2, 2000.00, 500.00, '2020-10-18 05:47:32'),
(55, 539, 143, 1, 2000.00, 500.00, '2020-10-18 05:47:32'),
(56, 539, 143, 3, 2000.00, 500.00, '2020-10-18 05:47:32'),
(57, 539, 143, 4, 2000.00, 500.00, '2020-10-18 05:47:33'),
(58, 539, 143, 5, 2200.00, 500.00, '2020-10-18 05:47:33'),
(59, 539, 143, 6, 2500.00, 500.00, '2020-10-18 05:47:33'),
(60, 539, 143, 7, 0.00, 0.00, '2020-10-18 05:47:33'),
(61, 539, 205, 2, 2700.00, 300.00, '2020-10-18 05:47:33'),
(62, 539, 205, 1, 2700.00, 300.00, '2020-10-18 05:47:33'),
(63, 539, 205, 3, 3200.00, 300.00, '2020-10-18 05:47:33'),
(64, 539, 205, 4, 3200.00, 300.00, '2020-10-18 05:47:33'),
(65, 539, 205, 5, 3700.00, 300.00, '2020-10-18 05:47:33'),
(66, 539, 205, 6, 3500.00, 500.00, '2020-10-18 05:47:33'),
(67, 539, 205, 7, 0.00, 0.00, '2020-10-18 05:47:33'),
(68, 539, 207, 2, 2900.00, 300.00, '2020-10-18 05:47:33'),
(69, 539, 207, 1, 2900.00, 300.00, '2020-10-18 05:47:33'),
(70, 539, 207, 3, 3200.00, 300.00, '2020-10-18 05:47:33'),
(71, 539, 207, 4, 3200.00, 300.00, '2020-10-18 05:47:33'),
(72, 539, 207, 5, 3900.00, 300.00, '2020-10-18 05:47:33'),
(73, 539, 207, 6, 4000.00, 500.00, '2020-10-18 05:47:33'),
(74, 539, 207, 7, 0.00, 0.00, '2020-10-18 05:47:33'),
(75, 539, 203, 2, 2900.00, 300.00, '2020-10-18 05:47:33'),
(76, 539, 203, 1, 2900.00, 300.00, '2020-10-18 05:47:33'),
(77, 539, 203, 3, 3200.00, 300.00, '2020-10-18 05:47:33'),
(78, 539, 203, 4, 3200.00, 300.00, '2020-10-18 05:47:33'),
(79, 539, 203, 5, 3900.00, 300.00, '2020-10-18 05:47:33'),
(80, 539, 203, 6, 4000.00, 500.00, '2020-10-18 05:47:33'),
(81, 539, 203, 7, 0.00, 0.00, '2020-10-18 05:47:33'),
(82, 539, 206, 2, 2700.00, 300.00, '2020-10-18 05:47:33'),
(83, 539, 206, 1, 2700.00, 300.00, '2020-10-18 05:47:33'),
(84, 539, 206, 3, 3200.00, 300.00, '2020-10-18 05:47:33'),
(85, 539, 206, 4, 3200.00, 300.00, '2020-10-18 05:47:33'),
(86, 539, 206, 5, 3700.00, 300.00, '2020-10-18 05:47:34'),
(87, 539, 206, 6, 3500.00, 500.00, '2020-10-18 05:47:34'),
(88, 539, 206, 7, 0.00, 0.00, '2020-10-18 05:47:34'),
(89, 539, 204, 2, 2700.00, 300.00, '2020-10-18 05:47:34'),
(90, 539, 204, 1, 2700.00, 300.00, '2020-10-18 05:47:34'),
(91, 539, 204, 3, 3200.00, 300.00, '2020-10-18 05:47:34'),
(92, 539, 204, 4, 3200.00, 300.00, '2020-10-18 05:47:34'),
(93, 539, 204, 5, 3700.00, 300.00, '2020-10-18 05:47:34'),
(94, 539, 204, 6, 3500.00, 500.00, '2020-10-18 05:47:34'),
(95, 539, 204, 7, 0.00, 0.00, '2020-10-18 05:47:34'),
(96, 539, 208, 2, 2700.00, 300.00, '2020-10-18 05:47:34'),
(97, 539, 208, 1, 2700.00, 300.00, '2020-10-18 05:47:34'),
(98, 539, 208, 3, 3200.00, 300.00, '2020-10-18 05:47:34'),
(99, 539, 208, 4, 3200.00, 300.00, '2020-10-18 05:47:34'),
(100, 539, 208, 5, 3700.00, 300.00, '2020-10-18 05:47:34'),
(101, 539, 208, 6, 3500.00, 500.00, '2020-10-18 05:47:34'),
(102, 539, 208, 7, 0.00, 0.00, '2020-10-18 05:47:34'),
(103, 539, 200, 2, 2000.00, 500.00, '2020-10-18 05:47:34'),
(104, 539, 200, 1, 2000.00, 500.00, '2020-10-18 05:47:34'),
(105, 539, 200, 3, 2200.00, 500.00, '2020-10-18 05:47:34'),
(106, 539, 200, 4, 2200.00, 500.00, '2020-10-18 05:47:34'),
(107, 539, 200, 5, 2700.00, 500.00, '2020-10-18 05:47:34'),
(108, 539, 200, 6, 3000.00, 500.00, '2020-10-18 05:47:34'),
(109, 539, 200, 7, 0.00, 0.00, '2020-10-18 05:47:34'),
(110, 539, 199, 2, 2000.00, 500.00, '2020-10-18 05:47:34'),
(111, 539, 199, 1, 2000.00, 500.00, '2020-10-18 05:47:34'),
(112, 539, 199, 3, 2200.00, 500.00, '2020-10-18 05:47:34'),
(113, 539, 199, 4, 2200.00, 500.00, '2020-10-18 05:47:34'),
(114, 539, 199, 5, 2700.00, 500.00, '2020-10-18 05:47:35'),
(115, 539, 199, 6, 3000.00, 500.00, '2020-10-18 05:47:35'),
(116, 539, 199, 7, 0.00, 0.00, '2020-10-18 05:47:35'),
(117, 539, 198, 2, 2000.00, 500.00, '2020-10-18 05:47:35'),
(118, 539, 198, 1, 2000.00, 500.00, '2020-10-18 05:47:35'),
(119, 539, 198, 3, 2200.00, 500.00, '2020-10-18 05:47:35'),
(120, 539, 198, 4, 2200.00, 500.00, '2020-10-18 05:47:35'),
(121, 539, 198, 5, 2700.00, 500.00, '2020-10-18 05:47:35'),
(122, 539, 198, 6, 3000.00, 500.00, '2020-10-18 05:47:35'),
(123, 539, 198, 7, 0.00, 0.00, '2020-10-18 05:47:35'),
(124, 539, 201, 2, 2000.00, 500.00, '2020-10-18 05:47:35'),
(125, 539, 201, 1, 2000.00, 500.00, '2020-10-18 05:47:35'),
(126, 539, 201, 3, 2200.00, 500.00, '2020-10-18 05:47:35'),
(127, 539, 201, 4, 2200.00, 500.00, '2020-10-18 05:47:35'),
(128, 539, 201, 5, 2700.00, 500.00, '2020-10-18 05:47:35'),
(129, 539, 201, 6, 3000.00, 500.00, '2020-10-18 05:47:35'),
(130, 539, 201, 7, 0.00, 0.00, '2020-10-18 05:47:35'),
(131, 539, 202, 2, 2000.00, 500.00, '2020-10-18 05:47:35'),
(132, 539, 202, 1, 2000.00, 500.00, '2020-10-18 05:47:35'),
(133, 539, 202, 3, 2200.00, 500.00, '2020-10-18 05:47:35'),
(134, 539, 202, 4, 2200.00, 500.00, '2020-10-18 05:47:35'),
(135, 539, 202, 5, 2700.00, 500.00, '2020-10-18 05:47:35'),
(136, 539, 202, 6, 3000.00, 500.00, '2020-10-18 05:47:35'),
(137, 539, 202, 7, 0.00, 0.00, '2020-10-18 05:47:35'),
(138, 539, 155, 2, 4800.00, 500.00, '2020-10-18 05:47:35'),
(139, 539, 155, 1, 4800.00, 500.00, '2020-10-18 05:47:35'),
(140, 539, 155, 3, 5000.00, 500.00, '2020-10-18 05:47:35'),
(141, 539, 155, 4, 5000.00, 500.00, '2020-10-18 05:47:36'),
(142, 539, 155, 5, 6700.00, 500.00, '2020-10-18 05:47:36'),
(143, 539, 155, 6, 6700.00, 500.00, '2020-10-18 05:47:36'),
(144, 539, 155, 7, 0.00, 0.00, '2020-10-18 05:47:36'),
(145, 539, 150, 2, 4800.00, 500.00, '2020-10-18 05:47:36'),
(146, 539, 150, 1, 4800.00, 500.00, '2020-10-18 05:47:36'),
(147, 539, 150, 3, 5000.00, 500.00, '2020-10-18 05:47:36'),
(148, 539, 150, 4, 5000.00, 500.00, '2020-10-18 05:47:36'),
(149, 539, 150, 5, 6700.00, 500.00, '2020-10-18 05:47:36'),
(150, 539, 150, 6, 6700.00, 500.00, '2020-10-18 05:47:36'),
(151, 539, 150, 7, 0.00, 0.00, '2020-10-18 05:47:36'),
(152, 539, 153, 2, 5000.00, 200.00, '2020-10-18 05:47:36'),
(153, 539, 153, 1, 5000.00, 200.00, '2020-10-18 05:47:36'),
(154, 539, 153, 3, 5500.00, 200.00, '2020-10-18 05:47:36'),
(155, 539, 153, 4, 5500.00, 500.00, '2020-10-18 05:47:36'),
(156, 539, 153, 5, 6800.00, 500.00, '2020-10-18 05:47:37'),
(157, 539, 153, 6, 6800.00, 500.00, '2020-10-18 05:47:37'),
(158, 539, 153, 7, 0.00, 0.00, '2020-10-18 05:47:37'),
(159, 539, 151, 2, 5000.00, 500.00, '2020-10-18 05:47:37'),
(160, 539, 151, 1, 5000.00, 500.00, '2020-10-18 05:47:37'),
(161, 539, 151, 3, 5300.00, 500.00, '2020-10-18 05:47:37'),
(162, 539, 151, 4, 5500.00, 500.00, '2020-10-18 05:47:37'),
(163, 539, 151, 5, 7000.00, 500.00, '2020-10-18 05:47:37'),
(164, 539, 151, 6, 7000.00, 500.00, '2020-10-18 05:47:37'),
(165, 539, 151, 7, 0.00, 0.00, '2020-10-18 05:47:37'),
(166, 539, 157, 2, 4800.00, 200.00, '2020-10-18 05:47:37'),
(167, 539, 157, 1, 4800.00, 200.00, '2020-10-18 05:47:37'),
(168, 539, 157, 3, 5300.00, 200.00, '2020-10-18 05:47:37'),
(169, 539, 157, 4, 5500.00, 500.00, '2020-10-18 05:47:37'),
(170, 539, 157, 5, 6700.00, 500.00, '2020-10-18 05:47:37'),
(171, 539, 157, 6, 6700.00, 500.00, '2020-10-18 05:47:37'),
(172, 539, 157, 7, 0.00, 0.00, '2020-10-18 05:47:38'),
(173, 539, 152, 2, 4800.00, 200.00, '2020-10-18 05:47:38'),
(174, 539, 152, 1, 4800.00, 200.00, '2020-10-18 05:47:38'),
(175, 539, 152, 3, 5300.00, 200.00, '2020-10-18 05:47:38'),
(176, 539, 152, 4, 5500.00, 500.00, '2020-10-18 05:47:38'),
(177, 539, 152, 5, 6700.00, 500.00, '2020-10-18 05:47:38'),
(178, 539, 152, 6, 6700.00, 500.00, '2020-10-18 05:47:38'),
(179, 539, 152, 7, 0.00, 0.00, '2020-10-18 05:47:38'),
(180, 539, 149, 2, 4800.00, 500.00, '2020-10-18 05:47:38'),
(181, 539, 149, 1, 4800.00, 500.00, '2020-10-18 05:47:39'),
(182, 539, 149, 3, 5300.00, 500.00, '2020-10-18 05:47:39'),
(183, 539, 149, 4, 5500.00, 500.00, '2020-10-18 05:47:39'),
(184, 539, 149, 5, 7000.00, 7500.00, '2020-10-18 05:47:39'),
(185, 539, 149, 6, 7000.00, 500.00, '2020-10-18 05:47:39'),
(186, 539, 149, 7, 0.00, 0.00, '2020-10-18 05:47:39'),
(187, 539, 154, 2, 4800.00, 500.00, '2020-10-18 05:47:39'),
(188, 539, 154, 1, 4800.00, 500.00, '2020-10-18 05:47:39'),
(189, 539, 154, 3, 5300.00, 500.00, '2020-10-18 05:47:39'),
(190, 539, 154, 4, 5500.00, 500.00, '2020-10-18 05:47:39'),
(191, 539, 154, 5, 7000.00, 7500.00, '2020-10-18 05:47:39'),
(192, 539, 154, 6, 7000.00, 500.00, '2020-10-18 05:47:39'),
(193, 539, 154, 7, 0.00, 0.00, '2020-10-18 05:47:39'),
(194, 539, 156, 2, 4800.00, 500.00, '2020-10-18 05:47:39'),
(195, 539, 156, 1, 4800.00, 500.00, '2020-10-18 05:47:39'),
(196, 539, 156, 3, 5300.00, 500.00, '2020-10-18 05:47:39'),
(197, 539, 156, 4, 5500.00, 500.00, '2020-10-18 05:47:39'),
(198, 539, 156, 5, 7000.00, 7500.00, '2020-10-18 05:47:39'),
(199, 539, 156, 6, 7000.00, 500.00, '2020-10-18 05:47:39'),
(200, 539, 156, 7, 0.00, 0.00, '2020-10-18 05:47:40'),
(201, 539, 182, 2, 5500.00, 500.00, '2020-10-18 05:47:40'),
(202, 539, 182, 1, 5500.00, 500.00, '2020-10-18 05:47:40'),
(203, 539, 182, 3, 6000.00, 500.00, '2020-10-18 05:47:40'),
(204, 539, 182, 4, 6000.00, 500.00, '2020-10-18 05:47:40'),
(205, 539, 182, 5, 7500.00, 500.00, '2020-10-18 05:47:40'),
(206, 539, 182, 6, 7500.00, 500.00, '2020-10-18 05:47:40'),
(207, 539, 182, 7, 0.00, 0.00, '2020-10-18 05:47:40'),
(208, 539, 184, 2, 5500.00, 500.00, '2020-10-18 05:47:40'),
(209, 539, 184, 1, 5500.00, 500.00, '2020-10-18 05:47:40'),
(210, 539, 184, 3, 6000.00, 500.00, '2020-10-18 05:47:40'),
(211, 539, 184, 4, 6000.00, 500.00, '2020-10-18 05:47:40'),
(212, 539, 184, 5, 7500.00, 500.00, '2020-10-18 05:47:40'),
(213, 539, 184, 6, 7500.00, 500.00, '2020-10-18 05:47:40'),
(214, 539, 184, 7, 0.00, 0.00, '2020-10-18 05:47:40'),
(215, 539, 181, 2, 5500.00, 500.00, '2020-10-18 05:47:40'),
(216, 539, 181, 1, 5500.00, 500.00, '2020-10-18 05:47:40'),
(217, 539, 181, 3, 6000.00, 500.00, '2020-10-18 05:47:40'),
(218, 539, 181, 4, 6000.00, 500.00, '2020-10-18 05:47:40'),
(219, 539, 181, 5, 7500.00, 500.00, '2020-10-18 05:47:40'),
(220, 539, 181, 6, 7500.00, 500.00, '2020-10-18 05:47:40'),
(221, 539, 181, 7, 0.00, 0.00, '2020-10-18 05:47:40'),
(222, 539, 183, 2, 5500.00, 500.00, '2020-10-18 05:47:40'),
(223, 539, 183, 1, 5500.00, 500.00, '2020-10-18 05:47:40'),
(224, 539, 183, 3, 6000.00, 500.00, '2020-10-18 05:47:40'),
(225, 539, 183, 4, 6000.00, 500.00, '2020-10-18 05:47:40'),
(226, 539, 183, 5, 7500.00, 500.00, '2020-10-18 05:47:40'),
(227, 539, 183, 6, 7500.00, 500.00, '2020-10-18 05:47:40'),
(228, 539, 183, 7, 0.00, 0.00, '2020-10-18 05:47:41'),
(229, 539, 188, 2, 2500.00, 500.00, '2020-10-18 05:47:41'),
(230, 539, 188, 1, 2500.00, 500.00, '2020-10-18 05:47:41'),
(231, 539, 188, 3, 2800.00, 500.00, '2020-10-18 05:47:41'),
(232, 539, 188, 4, 3000.00, 500.00, '2020-10-18 05:47:41'),
(233, 539, 188, 5, 4000.00, 500.00, '2020-10-18 05:47:41'),
(234, 539, 188, 6, 4000.00, 500.00, '2020-10-18 05:47:41'),
(235, 539, 188, 7, 0.00, 0.00, '2020-10-18 05:47:41'),
(236, 539, 186, 2, 2500.00, 500.00, '2020-10-18 05:47:41'),
(237, 539, 186, 1, 2500.00, 500.00, '2020-10-18 05:47:41'),
(238, 539, 186, 3, 2800.00, 500.00, '2020-10-18 05:47:41'),
(239, 539, 186, 4, 3000.00, 500.00, '2020-10-18 05:47:41'),
(240, 539, 186, 5, 4000.00, 500.00, '2020-10-18 05:47:41'),
(241, 539, 186, 6, 4000.00, 500.00, '2020-10-18 05:47:41'),
(242, 539, 186, 7, 0.00, 0.00, '2020-10-18 05:47:41'),
(243, 539, 185, 2, 2500.00, 500.00, '2020-10-18 05:47:41'),
(244, 539, 185, 1, 2500.00, 500.00, '2020-10-18 05:47:41'),
(245, 539, 185, 3, 2800.00, 500.00, '2020-10-18 05:47:41'),
(246, 539, 185, 4, 3000.00, 500.00, '2020-10-18 05:47:42'),
(247, 539, 185, 5, 4000.00, 500.00, '2020-10-18 05:47:42'),
(248, 539, 185, 6, 4000.00, 500.00, '2020-10-18 05:47:42'),
(249, 539, 185, 7, 0.00, 0.00, '2020-10-18 05:47:42'),
(250, 539, 190, 2, 2500.00, 500.00, '2020-10-18 05:47:42'),
(251, 539, 190, 1, 2500.00, 500.00, '2020-10-18 05:47:42'),
(252, 539, 190, 3, 2800.00, 500.00, '2020-10-18 05:47:42'),
(253, 539, 190, 4, 3000.00, 500.00, '2020-10-18 05:47:42'),
(254, 539, 190, 5, 4000.00, 500.00, '2020-10-18 05:47:42'),
(255, 539, 190, 6, 4000.00, 500.00, '2020-10-18 05:47:42'),
(256, 539, 190, 7, 0.00, 0.00, '2020-10-18 05:47:42'),
(257, 539, 189, 2, 2500.00, 500.00, '2020-10-18 05:47:42'),
(258, 539, 189, 1, 2500.00, 500.00, '2020-10-18 05:47:42'),
(259, 539, 189, 3, 2800.00, 500.00, '2020-10-18 05:47:42'),
(260, 539, 189, 4, 3000.00, 500.00, '2020-10-18 05:47:42'),
(261, 539, 189, 5, 4000.00, 500.00, '2020-10-18 05:47:42'),
(262, 539, 189, 6, 4000.00, 500.00, '2020-10-18 05:47:42'),
(263, 539, 189, 7, 0.00, 0.00, '2020-10-18 05:47:42'),
(264, 539, 191, 2, 2500.00, 500.00, '2020-10-18 05:47:42'),
(265, 539, 191, 1, 2500.00, 500.00, '2020-10-18 05:47:42'),
(266, 539, 191, 3, 2800.00, 500.00, '2020-10-18 05:47:42'),
(267, 539, 191, 4, 3000.00, 500.00, '2020-10-18 05:47:42'),
(268, 539, 191, 5, 3500.00, 500.00, '2020-10-18 05:47:42'),
(269, 539, 191, 6, 3500.00, 500.00, '2020-10-18 05:47:42'),
(270, 539, 191, 7, 0.00, 0.00, '2020-10-18 05:47:42'),
(271, 539, 187, 2, 2500.00, 500.00, '2020-10-18 05:47:42'),
(272, 539, 187, 1, 2500.00, 500.00, '2020-10-18 05:47:42'),
(273, 539, 187, 3, 2800.00, 500.00, '2020-10-18 05:47:43'),
(274, 539, 187, 4, 3000.00, 500.00, '2020-10-18 05:47:43'),
(275, 539, 187, 5, 4000.00, 500.00, '2020-10-18 05:47:43'),
(276, 539, 187, 6, 4000.00, 500.00, '2020-10-18 05:47:43'),
(277, 539, 187, 7, 0.00, 0.00, '2020-10-18 05:47:43'),
(278, 539, 194, 2, 2800.00, 200.00, '2020-10-18 05:47:43'),
(279, 539, 194, 1, 2800.00, 200.00, '2020-10-18 05:47:43'),
(280, 539, 194, 3, 3200.00, 300.00, '2020-10-18 05:47:43'),
(281, 539, 194, 4, 3300.00, 400.00, '2020-10-18 05:47:43'),
(282, 539, 194, 5, 4000.00, 500.00, '2020-10-18 05:47:43'),
(283, 539, 194, 6, 4000.00, 500.00, '2020-10-18 05:47:43'),
(284, 539, 194, 7, 0.00, 0.00, '2020-10-18 05:47:43'),
(285, 539, 197, 2, 2800.00, 200.00, '2020-10-18 05:47:43'),
(286, 539, 197, 1, 2800.00, 200.00, '2020-10-18 05:47:43'),
(287, 539, 197, 3, 3200.00, 300.00, '2020-10-18 05:47:43'),
(288, 539, 197, 4, 3300.00, 400.00, '2020-10-18 05:47:43'),
(289, 539, 197, 5, 4000.00, 500.00, '2020-10-18 05:47:43'),
(290, 539, 197, 6, 4000.00, 500.00, '2020-10-18 05:47:43'),
(291, 539, 197, 7, 0.00, 0.00, '2020-10-18 05:47:44'),
(292, 539, 196, 2, 2800.00, 200.00, '2020-10-18 05:47:44'),
(293, 539, 196, 1, 2800.00, 200.00, '2020-10-18 05:47:44'),
(294, 539, 196, 3, 3200.00, 300.00, '2020-10-18 05:47:44'),
(295, 539, 196, 4, 3300.00, 400.00, '2020-10-18 05:47:44'),
(296, 539, 196, 5, 4000.00, 500.00, '2020-10-18 05:47:44'),
(297, 539, 196, 6, 4000.00, 500.00, '2020-10-18 05:47:44'),
(298, 539, 196, 7, 0.00, 0.00, '2020-10-18 05:47:44'),
(299, 539, 193, 2, 2800.00, 200.00, '2020-10-18 05:47:44'),
(300, 539, 193, 1, 2800.00, 200.00, '2020-10-18 05:47:44'),
(301, 539, 193, 3, 3200.00, 300.00, '2020-10-18 05:47:44'),
(302, 539, 193, 4, 3300.00, 400.00, '2020-10-18 05:47:44'),
(303, 539, 193, 5, 4000.00, 500.00, '2020-10-18 05:47:44'),
(304, 539, 193, 6, 4000.00, 500.00, '2020-10-18 05:47:45'),
(305, 539, 193, 7, 0.00, 0.00, '2020-10-18 05:47:45'),
(306, 539, 192, 2, 2800.00, 200.00, '2020-10-18 05:47:45'),
(307, 539, 192, 1, 2800.00, 200.00, '2020-10-18 05:47:45'),
(308, 539, 192, 3, 3200.00, 300.00, '2020-10-18 05:47:45'),
(309, 539, 192, 4, 3300.00, 400.00, '2020-10-18 05:47:45'),
(310, 539, 192, 5, 4000.00, 500.00, '2020-10-18 05:47:45'),
(311, 539, 192, 6, 4000.00, 500.00, '2020-10-18 05:47:45'),
(312, 539, 192, 7, 0.00, 0.00, '2020-10-18 05:47:45'),
(313, 539, 195, 2, 2800.00, 200.00, '2020-10-18 05:47:46'),
(314, 539, 195, 1, 2800.00, 200.00, '2020-10-18 05:47:46'),
(315, 539, 195, 3, 3200.00, 300.00, '2020-10-18 05:47:46'),
(316, 539, 195, 4, 3300.00, 400.00, '2020-10-18 05:47:46'),
(317, 539, 195, 5, 4000.00, 500.00, '2020-10-18 05:47:46'),
(318, 539, 195, 6, 4000.00, 500.00, '2020-10-18 05:47:46'),
(319, 539, 195, 7, 0.00, 0.00, '2020-10-18 05:47:46'),
(320, 539, 213, 2, 4700.00, 300.00, '2020-10-18 05:47:46'),
(321, 539, 213, 1, 4700.00, 300.00, '2020-10-18 05:47:46'),
(322, 539, 213, 3, 5200.00, 300.00, '2020-10-18 05:47:46'),
(323, 539, 213, 4, 5000.00, 500.00, '2020-10-18 05:47:46'),
(324, 539, 213, 5, 6000.00, 500.00, '2020-10-18 05:47:46'),
(325, 539, 213, 6, 6000.00, 500.00, '2020-10-18 05:47:46'),
(326, 539, 213, 7, 0.00, 0.00, '2020-10-18 05:47:46'),
(327, 539, 210, 2, 4700.00, 300.00, '2020-10-18 05:47:46'),
(328, 539, 210, 1, 4700.00, 300.00, '2020-10-18 05:47:46'),
(329, 539, 210, 3, 5200.00, 300.00, '2020-10-18 05:47:46'),
(330, 539, 210, 4, 5000.00, 500.00, '2020-10-18 05:47:47'),
(331, 539, 210, 5, 6000.00, 500.00, '2020-10-18 05:47:47'),
(332, 539, 210, 6, 6000.00, 500.00, '2020-10-18 05:47:47'),
(333, 539, 210, 7, 0.00, 0.00, '2020-10-18 05:47:47'),
(334, 539, 212, 2, 4700.00, 300.00, '2020-10-18 05:47:47'),
(335, 539, 212, 1, 4700.00, 300.00, '2020-10-18 05:47:47'),
(336, 539, 212, 3, 5200.00, 300.00, '2020-10-18 05:47:47'),
(337, 539, 212, 4, 5000.00, 500.00, '2020-10-18 05:47:47'),
(338, 539, 212, 5, 6000.00, 500.00, '2020-10-18 05:47:47'),
(339, 539, 212, 6, 6000.00, 500.00, '2020-10-18 05:47:47'),
(340, 539, 212, 7, 0.00, 0.00, '2020-10-18 05:47:47'),
(341, 539, 209, 2, 4700.00, 300.00, '2020-10-18 05:47:47'),
(342, 539, 209, 1, 4700.00, 300.00, '2020-10-18 05:47:47'),
(343, 539, 209, 3, 5200.00, 300.00, '2020-10-18 05:47:47'),
(344, 539, 209, 4, 5000.00, 500.00, '2020-10-18 05:47:47'),
(345, 539, 209, 5, 6000.00, 500.00, '2020-10-18 05:47:47'),
(346, 539, 209, 6, 6000.00, 500.00, '2020-10-18 05:47:47'),
(347, 539, 209, 7, 0.00, 0.00, '2020-10-18 05:47:47'),
(348, 539, 211, 2, 4700.00, 300.00, '2020-10-18 05:47:47'),
(349, 539, 211, 1, 4700.00, 300.00, '2020-10-18 05:47:47'),
(350, 539, 211, 3, 5200.00, 300.00, '2020-10-18 05:47:47'),
(351, 539, 211, 4, 5000.00, 500.00, '2020-10-18 05:47:47'),
(352, 539, 211, 5, 6000.00, 500.00, '2020-10-18 05:47:47'),
(353, 539, 211, 6, 6000.00, 500.00, '2020-10-18 05:47:48'),
(354, 539, 211, 7, 0.00, 0.00, '2020-10-18 05:47:48'),
(355, 539, 219, 2, 5200.00, 500.00, '2020-10-18 05:47:48'),
(356, 539, 219, 1, 5200.00, 500.00, '2020-10-18 05:47:48'),
(357, 539, 219, 3, 5500.00, 500.00, '2020-10-18 05:47:48'),
(358, 539, 219, 4, 5700.00, 500.00, '2020-10-18 05:47:48'),
(359, 539, 219, 5, 7500.00, 500.00, '2020-10-18 05:47:48'),
(360, 539, 219, 6, 7500.00, 500.00, '2020-10-18 05:47:48'),
(361, 539, 217, 7, 0.00, 0.00, '2020-10-18 05:47:48'),
(362, 539, 217, 2, 5200.00, 500.00, '2020-10-18 05:47:48'),
(363, 539, 217, 1, 5200.00, 500.00, '2020-10-18 05:47:48'),
(364, 539, 217, 3, 5500.00, 500.00, '2020-10-18 05:47:48'),
(365, 539, 217, 4, 5700.00, 500.00, '2020-10-18 05:47:48'),
(366, 539, 217, 5, 7500.00, 500.00, '2020-10-18 05:47:48'),
(367, 539, 217, 6, 7500.00, 500.00, '2020-10-18 05:47:48'),
(368, 539, 217, 7, 0.00, 0.00, '2020-10-18 05:47:48'),
(369, 539, 216, 2, 5500.00, 500.00, '2020-10-18 05:47:48'),
(370, 539, 216, 1, 5500.00, 500.00, '2020-10-18 05:47:48'),
(371, 539, 216, 3, 6000.00, 500.00, '2020-10-18 05:47:48'),
(372, 539, 216, 4, 6000.00, 500.00, '2020-10-18 05:47:48'),
(373, 539, 216, 5, 8000.00, 500.00, '2020-10-18 05:47:48'),
(374, 539, 216, 6, 8000.00, 500.00, '2020-10-18 05:47:48'),
(375, 539, 216, 7, 0.00, 0.00, '2020-10-18 05:47:48'),
(376, 539, 215, 2, 5500.00, 500.00, '2020-10-18 05:47:48'),
(377, 539, 215, 1, 5500.00, 500.00, '2020-10-18 05:47:49'),
(378, 539, 215, 3, 6000.00, 500.00, '2020-10-18 05:47:49'),
(379, 539, 215, 4, 6000.00, 500.00, '2020-10-18 05:47:49'),
(380, 539, 215, 5, 8000.00, 500.00, '2020-10-18 05:47:49'),
(381, 539, 215, 6, 8000.00, 500.00, '2020-10-18 05:47:49'),
(382, 539, 215, 7, 0.00, 0.00, '2020-10-18 05:47:49'),
(383, 539, 214, 2, 5500.00, 500.00, '2020-10-18 05:47:49'),
(384, 539, 214, 1, 5500.00, 500.00, '2020-10-18 05:47:49'),
(385, 539, 214, 3, 6000.00, 500.00, '2020-10-18 05:47:49'),
(386, 539, 214, 4, 6000.00, 500.00, '2020-10-18 05:47:49'),
(387, 539, 214, 5, 8000.00, 500.00, '2020-10-18 05:47:49'),
(388, 539, 214, 6, 8000.00, 500.00, '2020-10-18 05:47:49'),
(389, 539, 214, 7, 0.00, 0.00, '2020-10-18 05:47:49'),
(390, 539, 218, 2, 5000.00, 500.00, '2020-10-18 05:47:49'),
(391, 539, 218, 1, 5000.00, 500.00, '2020-10-18 05:47:50'),
(392, 539, 218, 3, 5500.00, 500.00, '2020-10-18 05:47:50'),
(393, 539, 218, 4, 5700.00, 500.00, '2020-10-18 05:47:50'),
(394, 539, 218, 5, 8000.00, 500.00, '2020-10-18 05:47:50'),
(395, 539, 218, 6, 8000.00, 500.00, '2020-10-18 05:47:50'),
(396, 539, 218, 7, 0.00, 0.00, '2020-10-18 05:47:50'),
(397, 539, 588, 2, 5700.00, 300.00, '2020-10-18 05:47:50'),
(398, 539, 588, 1, 5700.00, 300.00, '2020-10-18 05:47:50'),
(399, 539, 588, 3, 6200.00, 300.00, '2020-10-18 05:47:50'),
(400, 539, 588, 4, 6500.00, 500.00, '2020-10-18 05:47:50'),
(401, 539, 588, 5, 8000.00, 500.00, '2020-10-18 05:47:50'),
(402, 539, 588, 6, 8000.00, 500.00, '2020-10-18 05:47:50'),
(403, 539, 588, 7, 0.00, 0.00, '2020-10-18 05:47:50'),
(404, 539, 541, 2, 1500.00, 500.00, '2020-10-18 05:47:50'),
(405, 539, 541, 1, 1500.00, 500.00, '2020-10-18 05:47:51'),
(406, 539, 541, 3, 2000.00, 500.00, '2020-10-18 05:47:51'),
(407, 539, 541, 4, 2000.00, 500.00, '2020-10-18 05:47:51'),
(408, 539, 541, 5, 2200.00, 500.00, '2020-10-18 05:47:51'),
(409, 539, 541, 6, 2500.00, 500.00, '2020-10-18 05:47:51'),
(410, 539, 541, 7, 0.00, 0.00, '2020-10-18 05:47:51'),
(411, 539, 540, 2, 1700.00, 500.00, '2020-10-18 05:47:51'),
(412, 539, 540, 1, 1700.00, 500.00, '2020-10-18 05:47:51'),
(413, 539, 540, 3, 2000.00, 500.00, '2020-10-18 05:47:51'),
(414, 539, 540, 4, 2000.00, 500.00, '2020-10-18 05:47:51'),
(415, 539, 540, 5, 3000.00, 500.00, '2020-10-18 05:47:51'),
(416, 539, 540, 6, 3000.00, 500.00, '2020-10-18 05:47:51'),
(417, 539, 540, 7, 0.00, 0.00, '2020-10-18 05:47:51'),
(418, 539, 160, 2, 2000.00, 500.00, '2020-10-18 05:47:51'),
(419, 539, 160, 1, 2000.00, 500.00, '2020-10-18 05:47:51'),
(420, 539, 160, 3, 2500.00, 500.00, '2020-10-18 05:47:51'),
(421, 539, 160, 4, 2500.00, 500.00, '2020-10-18 05:47:51'),
(422, 539, 160, 5, 2800.00, 500.00, '2020-10-18 05:47:51'),
(423, 539, 160, 6, 3000.00, 500.00, '2020-10-18 05:47:51'),
(424, 539, 160, 7, 0.00, 0.00, '2020-10-18 05:47:52'),
(425, 539, 162, 2, 2000.00, 500.00, '2020-10-18 05:47:52'),
(426, 539, 162, 1, 2000.00, 500.00, '2020-10-18 05:47:52'),
(427, 539, 162, 3, 2500.00, 500.00, '2020-10-18 05:47:52'),
(428, 539, 162, 4, 2500.00, 500.00, '2020-10-18 05:47:52'),
(429, 539, 162, 5, 3000.00, 500.00, '2020-10-18 05:47:52'),
(430, 539, 162, 6, 3000.00, 500.00, '2020-10-18 05:47:52'),
(431, 539, 162, 7, 0.00, 0.00, '2020-10-18 05:47:52'),
(432, 539, 161, 2, 2000.00, 500.00, '2020-10-18 05:47:52'),
(433, 539, 161, 1, 2000.00, 500.00, '2020-10-18 05:47:52'),
(434, 539, 161, 3, 2500.00, 500.00, '2020-10-18 05:47:52'),
(435, 539, 161, 4, 2500.00, 500.00, '2020-10-18 05:47:52'),
(436, 539, 161, 5, 3000.00, 500.00, '2020-10-18 05:47:52'),
(437, 539, 161, 6, 3000.00, 500.00, '2020-10-18 05:47:52'),
(438, 539, 161, 7, 0.00, 0.00, '2020-10-18 05:47:52'),
(439, 539, 159, 2, 2000.00, 500.00, '2020-10-18 05:47:52'),
(440, 539, 159, 1, 2000.00, 500.00, '2020-10-18 05:47:52'),
(441, 539, 159, 3, 2500.00, 500.00, '2020-10-18 05:47:52'),
(442, 539, 159, 4, 2500.00, 500.00, '2020-10-18 05:47:53'),
(443, 539, 159, 5, 3000.00, 500.00, '2020-10-18 05:47:53'),
(444, 539, 159, 6, 3000.00, 500.00, '2020-10-18 05:47:53'),
(445, 539, 159, 7, 0.00, 0.00, '2020-10-18 05:47:53'),
(446, 539, 158, 2, 1700.00, 500.00, '2020-10-18 05:47:53'),
(447, 539, 158, 1, 1700.00, 500.00, '2020-10-18 05:47:53'),
(448, 539, 158, 3, 2000.00, 500.00, '2020-10-18 05:47:53'),
(449, 539, 158, 4, 2000.00, 500.00, '2020-10-18 05:47:53'),
(450, 539, 158, 5, 2500.00, 500.00, '2020-10-18 05:47:53'),
(451, 539, 158, 6, 2500.00, 500.00, '2020-10-18 05:47:53'),
(452, 539, 158, 7, 0.00, 0.00, '2020-10-18 05:47:53'),
(453, 539, 175, 2, 3500.00, 500.00, '2020-10-18 05:47:53'),
(454, 539, 175, 1, 3500.00, 500.00, '2020-10-18 05:47:53'),
(455, 539, 175, 3, 4000.00, 500.00, '2020-10-18 05:47:53'),
(456, 539, 175, 4, 4000.00, 500.00, '2020-10-18 05:47:53'),
(457, 539, 175, 5, 5500.00, 500.00, '2020-10-18 05:47:53'),
(458, 539, 175, 6, 5500.00, 500.00, '2020-10-18 05:47:53'),
(459, 539, 175, 7, 0.00, 0.00, '2020-10-18 05:47:54'),
(460, 539, 168, 2, 4000.00, 500.00, '2020-10-18 05:47:54'),
(461, 539, 168, 1, 4000.00, 500.00, '2020-10-18 05:47:54'),
(462, 539, 168, 3, 4500.00, 500.00, '2020-10-18 05:47:54'),
(463, 539, 168, 4, 5500.00, 500.00, '2020-10-18 05:47:54'),
(464, 539, 168, 5, 6500.00, 500.00, '2020-10-18 05:47:54'),
(465, 539, 168, 6, 6500.00, 500.00, '2020-10-18 05:47:54'),
(466, 539, 168, 7, 0.00, 0.00, '2020-10-18 05:47:54'),
(467, 539, 172, 2, 4500.00, 500.00, '2020-10-18 05:47:54'),
(468, 539, 172, 1, 4500.00, 500.00, '2020-10-18 05:47:54'),
(469, 539, 172, 3, 5000.00, 500.00, '2020-10-18 05:47:54'),
(470, 539, 172, 4, 5500.00, 500.00, '2020-10-18 05:47:54'),
(471, 539, 172, 5, 6500.00, 500.00, '2020-10-18 05:47:54'),
(472, 539, 172, 6, 6500.00, 500.00, '2020-10-18 05:47:54'),
(473, 539, 172, 7, 0.00, 0.00, '2020-10-18 05:47:54'),
(474, 539, 173, 2, 4000.00, 500.00, '2020-10-18 05:47:54'),
(475, 539, 173, 1, 4000.00, 500.00, '2020-10-18 05:47:55'),
(476, 539, 173, 3, 4500.00, 500.00, '2020-10-18 05:47:55'),
(477, 539, 173, 4, 4800.00, 500.00, '2020-10-18 05:47:55'),
(478, 539, 173, 5, 5500.00, 500.00, '2020-10-18 05:47:55'),
(479, 539, 173, 6, 5500.00, 500.00, '2020-10-18 05:47:55'),
(480, 539, 173, 7, 0.00, 0.00, '2020-10-18 05:47:55'),
(481, 539, 174, 2, 3500.00, 500.00, '2020-10-18 05:47:55'),
(482, 539, 174, 1, 3500.00, 500.00, '2020-10-18 05:47:55'),
(483, 539, 174, 3, 4000.00, 500.00, '2020-10-18 05:47:55'),
(484, 539, 174, 4, 4000.00, 500.00, '2020-10-18 05:47:55'),
(485, 539, 174, 5, 4500.00, 500.00, '2020-10-18 05:47:55'),
(486, 539, 174, 6, 5000.00, 500.00, '2020-10-18 05:47:55'),
(487, 539, 174, 7, 0.00, 0.00, '2020-10-18 05:47:55'),
(488, 539, 180, 2, 3800.00, 500.00, '2020-10-18 05:47:55'),
(489, 539, 180, 1, 3800.00, 500.00, '2020-10-18 05:47:55'),
(490, 539, 180, 3, 4100.00, 500.00, '2020-10-18 05:47:55'),
(491, 539, 180, 4, 4500.00, 500.00, '2020-10-18 05:47:55'),
(492, 539, 180, 5, 5500.00, 500.00, '2020-10-18 05:47:56'),
(493, 539, 180, 6, 5500.00, 500.00, '2020-10-18 05:47:56'),
(494, 539, 180, 7, 0.00, 0.00, '2020-10-18 05:47:56'),
(495, 539, 178, 2, 3800.00, 500.00, '2020-10-18 05:47:56'),
(496, 539, 178, 1, 3800.00, 500.00, '2020-10-18 05:47:56'),
(497, 539, 178, 3, 4100.00, 500.00, '2020-10-18 05:47:56'),
(498, 539, 178, 4, 4500.00, 500.00, '2020-10-18 05:47:56'),
(499, 539, 178, 5, 5500.00, 500.00, '2020-10-18 05:47:56'),
(500, 539, 178, 6, 6000.00, 500.00, '2020-10-18 05:47:56'),
(501, 539, 178, 7, 0.00, 0.00, '2020-10-18 05:47:56'),
(502, 539, 179, 2, 3500.00, 500.00, '2020-10-18 05:47:56'),
(503, 539, 179, 1, 3500.00, 500.00, '2020-10-18 05:47:56'),
(504, 539, 179, 3, 4000.00, 500.00, '2020-10-18 05:47:56'),
(505, 539, 179, 4, 4300.00, 500.00, '2020-10-18 05:47:56'),
(506, 539, 179, 5, 4400.00, 500.00, '2020-10-18 05:47:56'),
(507, 539, 179, 6, 4500.00, 500.00, '2020-10-18 05:47:56'),
(508, 539, 179, 7, 0.00, 0.00, '2020-10-18 05:47:56'),
(509, 539, 169, 2, 3700.00, 500.00, '2020-10-18 05:47:56'),
(510, 539, 169, 1, 3700.00, 500.00, '2020-10-18 05:47:56'),
(511, 539, 169, 3, 4000.00, 500.00, '2020-10-18 05:47:56'),
(512, 539, 169, 4, 4200.00, 500.00, '2020-10-18 05:47:56'),
(513, 539, 169, 5, 5000.00, 500.00, '2020-10-18 05:47:57'),
(514, 539, 169, 6, 5500.00, 500.00, '2020-10-18 05:47:57'),
(515, 539, 169, 7, 0.00, 0.00, '2020-10-18 05:47:57'),
(516, 539, 170, 2, 3500.00, 500.00, '2020-10-18 05:47:57'),
(517, 539, 170, 1, 3500.00, 500.00, '2020-10-18 05:47:57'),
(518, 539, 170, 3, 4000.00, 500.00, '2020-10-18 05:47:57'),
(519, 539, 170, 4, 4000.00, 500.00, '2020-10-18 05:47:57'),
(520, 539, 170, 5, 5000.00, 500.00, '2020-10-18 05:47:57'),
(521, 539, 170, 6, 5500.00, 500.00, '2020-10-18 05:47:57'),
(522, 539, 170, 7, 0.00, 0.00, '2020-10-18 05:47:57'),
(523, 539, 177, 2, 4000.00, 500.00, '2020-10-18 05:47:57'),
(524, 539, 177, 1, 4000.00, 500.00, '2020-10-18 05:47:57'),
(525, 539, 177, 3, 4500.00, 500.00, '2020-10-18 05:47:57'),
(526, 539, 177, 4, 4700.00, 500.00, '2020-10-18 05:47:57'),
(527, 539, 177, 5, 6000.00, 500.00, '2020-10-18 05:47:57'),
(528, 539, 177, 6, 6500.00, 500.00, '2020-10-18 05:47:57'),
(529, 539, 177, 7, 0.00, 0.00, '2020-10-18 05:47:57'),
(530, 539, 171, 2, 3500.00, 500.00, '2020-10-18 05:47:57'),
(531, 539, 171, 1, 3500.00, 500.00, '2020-10-18 05:47:57'),
(532, 539, 171, 3, 4000.00, 500.00, '2020-10-18 05:47:57'),
(533, 539, 171, 4, 4200.00, 500.00, '2020-10-18 05:47:57'),
(534, 539, 171, 5, 5500.00, 500.00, '2020-10-18 05:47:57'),
(535, 539, 171, 6, 5700.00, 500.00, '2020-10-18 05:47:57'),
(536, 539, 171, 7, 0.00, 0.00, '2020-10-18 05:47:58'),
(537, 539, 176, 2, 3500.00, 500.00, '2020-10-18 05:47:58'),
(538, 539, 176, 1, 3500.00, 500.00, '2020-10-18 05:47:58'),
(539, 539, 176, 3, 4000.00, 500.00, '2020-10-18 05:47:58');

-- --------------------------------------------------------

--
-- Table structure for table `message`
--

CREATE TABLE `message` (
  `id` int(10) UNSIGNED NOT NULL,
  `fcm_id` varchar(255) COLLATE utf8_unicode_ci DEFAULT NULL,
  `user_id` int(11) DEFAULT NULL,
  `message` text COLLATE utf8_unicode_ci DEFAULT NULL,
  `deleted_at` timestamp NULL DEFAULT NULL,
  `created_at` timestamp NULL DEFAULT NULL,
  `updated_at` timestamp NULL DEFAULT NULL,
  `name` varchar(255) COLLATE utf8_unicode_ci DEFAULT NULL,
  `email` varchar(255) COLLATE utf8_unicode_ci DEFAULT NULL
) ENGINE=InnoDB DEFAULT CHARSET=utf8 COLLATE=utf8_unicode_ci;

-- --------------------------------------------------------

--
-- Table structure for table `migrations`
--

CREATE TABLE `migrations` (
  `id` int(10) UNSIGNED NOT NULL,
  `migration` varchar(255) COLLATE utf8_unicode_ci NOT NULL,
  `batch` int(11) NOT NULL
) ENGINE=InnoDB DEFAULT CHARSET=utf8 COLLATE=utf8_unicode_ci;

--
-- Dumping data for table `migrations`
--

INSERT INTO `migrations` (`id`, `migration`, `batch`) VALUES
(1, '2017_06_03_134331_create_expense_table', 1),
(2, '2017_06_03_134332_create_expense_cat_table', 1),
(3, '2017_06_03_134332_create_income_table', 1),
(4, '2017_06_03_134333_create_income_cat_table', 1),
(5, '2017_06_03_134336_create_password_resets_table', 1),
(6, '2017_06_03_134337_create_users_table', 1),
(7, '2017_06_03_134338_create_vehicles_table', 1),
(8, '2017_07_24_080537_create_booking_table', 1),
(9, '2017_07_24_080643_create_settings_table', 1),
(10, '2017_08_01_073926_create_booking_income_table', 1),
(11, '2017_10_30_064357_create_notifications_table', 1),
(12, '2017_10_30_094858_create_fuel_table', 1),
(13, '2017_11_09_105729_create_vendors_table', 1),
(14, '2017_11_10_062609_create_work_orders_table', 1),
(15, '2017_11_10_095438_create_notes_table', 1),
(16, '2017_11_22_093559_create_vehicle_group_table', 1),
(17, '2017_12_28_091600_create_service_items_table', 1),
(18, '2017_12_28_122952_create_service_reminder_table', 1),
(19, '2017_12_28_174333_create_api_settings_table', 1),
(20, '2018_01_08_062105_create_driver_vehicle_table', 1),
(21, '2018_01_10_130517_users_meta', 1),
(22, '2018_01_13_050018_bookings_meta', 1),
(23, '2018_01_16_095657_fare_settings', 1),
(24, '2018_01_25_050939_create_vehicles_meta_table', 1),
(25, '2018_02_06_052302_create_message_table', 1),
(26, '2018_02_06_125252_create_reviews_table', 1),
(27, '2018_03_13_124424_create_addresses_table', 1),
(28, '2018_03_28_085735_create_reasons_table', 1),
(29, '2018_04_28_073004_create_email_content_table', 1),
(30, '2018_08_14_061757_create_vehicle_review_table', 1),
(31, '2019_01_18_063916_add_vendor_id_to_expense', 1),
(32, '2019_01_19_080738_add_udf_to_vendors', 1),
(33, '2019_01_19_103826_create_parts_table', 1),
(34, '2019_01_19_110823_create_vehicle_types_table', 1),
(35, '2019_01_22_101948_create_driver_logs_table', 1),
(36, '2019_01_23_113852_add_type_id_to_vehicles_table', 1),
(37, '2019_01_24_095115_add_type_id_to_fare_settings_table', 1),
(38, '2019_04_12_092111_create_parts_category_table', 1),
(39, '2019_04_19_053314_create_work_order_logs_table', 1),
(40, '2019_05_13_062039_create_push_notification_table', 1),
(41, '2019_07_18_110031_add_column_to_vendors', 1),
(42, '2019_07_31_082514_create_testimonials_table', 1),
(43, '2019_07_31_102801_create_frontend_table', 1),
(44, '2019_08_01_045837_add_columns_to_message_table', 1),
(45, '2019_08_19_101509_create_booking_quotation_table', 1),
(46, '2019_08_22_052138_create_parts_used_table', 1),
(47, '2019_08_22_113138_add_parts_price_to_work_order_logs_table', 1),
(48, '2019_08_29_104613_create_company_services_table', 1),
(49, '2019_09_16_085700_create_teams_table', 1),
(50, '2019_12_10_083547_add_columns_to_booking_quotation_table', 1),
(51, '2019_12_16_064152_add_indexes_to_users_table', 1),
(52, '2019_12_16_064951_add_indexes_to_addresses_table', 1),
(53, '2019_12_16_065511_add_indexes_to_bookings_table', 1),
(54, '2019_12_16_083315_add_indexes_to_booking_income_table', 1),
(55, '2019_12_16_084539_add_indexes_to_booking_quotation_table', 1),
(56, '2019_12_16_085312_add_indexes_to_driver_logs_table', 1),
(57, '2019_12_16_085505_add_indexes_to_driver_vehicle_table', 1),
(58, '2019_12_16_091010_add_indexes_to_email_content_table', 1),
(59, '2019_12_16_091713_add_indexes_to_expense_table', 1),
(60, '2019_12_16_094305_add_indexes_to_expense_cat_table', 1),
(61, '2019_12_16_094651_add_indexes_to_fare_settings_table', 1),
(62, '2019_12_16_095024_add_indexes_to_frontend_table', 1),
(63, '2019_12_16_095339_add_indexes_to_fuel_table', 1),
(64, '2019_12_16_095634_add_indexes_to_income_table', 1),
(65, '2019_12_16_095953_add_indexes_to_income_cat_table', 1),
(66, '2019_12_16_100221_add_indexes_to_notes_table', 1),
(67, '2019_12_16_100437_add_indexes_to_notifications_table', 1),
(68, '2019_12_16_100545_add_indexes_to_parts_table', 1),
(69, '2019_12_16_101113_add_indexes_to_parts_used_table', 1),
(70, '2019_12_16_101540_add_indexes_to_push_notification_table', 1),
(71, '2019_12_16_101851_add_indexes_to_reviews_table', 1),
(72, '2019_12_16_102259_add_indexes_to_service_reminder_table', 1),
(73, '2019_12_16_102555_add_indexes_to_vehicles_table', 1),
(74, '2019_12_16_104209_add_indexes_to_vehicle_review_table', 1),
(75, '2019_12_16_104440_add_indexes_to_vendors_table', 1),
(76, '2019_12_16_104704_add_indexes_to_work_orders_table', 1),
(77, '2019_12_16_105013_add_indexes_to_work_order_logs_table', 1),
(78, '2019_12_16_115309_add_indexes_to_api_settings_table', 1),
(79, '2019_12_17_080649_add_taxes_to_income_table', 1),
(80, '2019_12_19_052248_create_payment_settings_table', 1),
(81, '2019_12_19_063520_create_booking_payments_table', 1);

-- --------------------------------------------------------

--
-- Table structure for table `notes`
--

CREATE TABLE `notes` (
  `id` int(10) UNSIGNED NOT NULL,
  `vehicle_id` int(11) DEFAULT NULL,
  `customer_id` int(11) DEFAULT NULL,
  `note` text COLLATE utf8_unicode_ci DEFAULT NULL,
  `submitted_on` date DEFAULT NULL,
  `status` varchar(255) COLLATE utf8_unicode_ci DEFAULT NULL,
  `deleted_at` timestamp NULL DEFAULT NULL,
  `created_at` timestamp NULL DEFAULT NULL,
  `updated_at` timestamp NULL DEFAULT NULL
) ENGINE=InnoDB DEFAULT CHARSET=utf8 COLLATE=utf8_unicode_ci;

--
-- Dumping data for table `notes`
--

INSERT INTO `notes` (`id`, `vehicle_id`, `customer_id`, `note`, `submitted_on`, `status`, `deleted_at`, `created_at`, `updated_at`) VALUES
(1, 1, 2, '333', '2020-09-28', 'Processing', NULL, '2020-09-22 03:00:00', '2020-09-22 03:00:00');

-- --------------------------------------------------------

--
-- Table structure for table `notifications`
--

CREATE TABLE `notifications` (
  `id` char(36) COLLATE utf8_unicode_ci NOT NULL,
  `type` varchar(255) COLLATE utf8_unicode_ci NOT NULL,
  `notifiable_type` varchar(255) COLLATE utf8_unicode_ci NOT NULL,
  `notifiable_id` bigint(20) UNSIGNED NOT NULL,
  `data` text COLLATE utf8_unicode_ci NOT NULL,
  `read_at` timestamp NULL DEFAULT NULL,
  `created_at` timestamp NULL DEFAULT NULL,
  `updated_at` timestamp NULL DEFAULT NULL
) ENGINE=InnoDB DEFAULT CHARSET=utf8 COLLATE=utf8_unicode_ci;

-- --------------------------------------------------------

--
-- Table structure for table `package`
--

CREATE TABLE `package` (
  `id` int(11) NOT NULL,
  `package_name` varchar(255) NOT NULL,
  `image` text NOT NULL,
  `price` double(10,2) NOT NULL,
  `ar_price` double(15,2) DEFAULT NULL,
  `type` int(22) NOT NULL,
  `description` text DEFAULT NULL,
  `fb_link` text DEFAULT NULL,
  `create_at` timestamp NOT NULL DEFAULT current_timestamp() ON UPDATE current_timestamp()
) ENGINE=InnoDB DEFAULT CHARSET=latin1;

--
-- Dumping data for table `package`
--

INSERT INTO `package` (`id`, `package_name`, `image`, `price`, `ar_price`, `type`, `description`, `fb_link`, `create_at`) VALUES
(1, 'Fully Decorated', 'f43c4a4c-0b75-42b1-8cac-ef32072f663b.jpg', 5000.00, 4000.00, 0, 'ERP system is an online business management tool for managing your business\'s inventory, tax detection, and product management, and staff management, sales management, reports, and other various features that are available in the ERP system', NULL, '2020-11-04 11:26:13'),
(8, 'Fully Decorated', '8743e080-42a3-4c24-8410-463d29b0fcae.jpg', 5000.00, 0.00, 0, 'ERP system is an online business management tool for managing your business\'s inventory, tax detection, and product management, and staff management, sales management, reports, and other various features that are available in the ERP system', NULL, '2020-11-01 08:31:07'),
(9, 'Sylhet Tour', 'c5a7cbfd-a0c2-48ca-9c42-47f97f622b40.jpg', 5000.00, 0.00, 1, 'Libero animi tenetur ullam adipisci culpa laudantium at tempora optio natus dignissimos.', 'https://www.facebook.com/lowcosttourbangladesh/posts/2753441054870914', '2020-10-18 07:29:46'),
(11, 'Fully Decorated', '93f62fad-a462-480c-8816-b3ce0c51645b.jpg', 6000.00, 0.00, 0, 'ERP system is an online business management tool for managing your business\'s inventory, tax detection, and product management, and staff management, sales management, reports, and other various features that are available in the ERP system', NULL, '2020-11-01 08:31:21'),
(12, 'Fully Decorated', 'c29619c1-053f-45c2-bb59-216167da4726.jpg', 6000.00, 0.00, 0, 'ERP system is an online business management tool for managing your business\'s inventory, tax detection, and product management, and staff management, sales management, reports, and other various features that are available in the ERP system', NULL, '2020-11-01 08:31:27'),
(13, 'Fully Decorated ffff', 'a24b5c55-e58d-46f9-99c6-4a9c2c0e9b04.jpg', 6000.00, 0.00, 0, 'ERP system is an online business management tool for managing your business\'s inventory, tax detection, and product management, and staff management, sales management, reports, and other various features that are available in the ERP system', NULL, '2020-11-01 08:31:32'),
(14, 'cox\'s bazar', '0a1642ab-be62-4be8-85f6-a05477235d4a.jpg', 7500.00, 0.00, 1, 'Libero animi tenetur ullam adipisci culpa laudantium at tempora optio natus dignissimos.', 'https://www.google.com/', '2020-10-13 09:19:21'),
(15, 'Bandorbon hill view', 'c42b4464-d974-45c0-8ea8-93550597a90e.jpg', 7000.00, NULL, 1, 'Libero animi tenetur ullam adipisci culpa laudantium at tempora optio natus dignissimos.', 'https://www.google.com/', '2020-10-13 09:18:46'),
(16, 'Sundorbon Tour', '7add0873-a69b-4d72-bd2b-313e2726ce54.webp', 9000.00, NULL, 1, 'Libero animi tenetur ullam adipisci culpa laudantium at tempora optio natus dignissimos.', 'https://www.google.com/', '2020-10-13 10:22:58'),
(17, 'Ranggamati Bridge', 'c2195a76-38d0-406d-86b0-d5e8a0f1deab.jpg', 9000.00, NULL, 1, 'Libero animi tenetur ullam adipisci culpa laudantium at tempora optio natus dignissimos.', 'https://www.google.com/', '2020-10-13 09:19:01'),
(18, 'Koakata Sea Beach', '8ef35b7e-0330-4e26-9cf8-5f5468f89a7f.jpg', 9000.00, NULL, 1, 'Libero animi tenetur ullam adipisci culpa laudantium at tempora optio natus dignissimos.', 'https://www.google.com/', '2020-10-13 10:24:01');

-- --------------------------------------------------------

--
-- Table structure for table `parts`
--

CREATE TABLE `parts` (
  `id` int(10) UNSIGNED NOT NULL,
  `category_id` int(11) DEFAULT NULL,
  `user_id` int(11) DEFAULT NULL,
  `status` varchar(255) COLLATE utf8_unicode_ci DEFAULT NULL,
  `availability` int(11) DEFAULT NULL,
  `title` varchar(255) COLLATE utf8_unicode_ci DEFAULT NULL,
  `year` varchar(255) COLLATE utf8_unicode_ci DEFAULT NULL,
  `model` varchar(255) COLLATE utf8_unicode_ci DEFAULT NULL,
  `image` varchar(255) COLLATE utf8_unicode_ci DEFAULT NULL,
  `barcode` varchar(255) COLLATE utf8_unicode_ci DEFAULT NULL,
  `number` varchar(255) COLLATE utf8_unicode_ci DEFAULT NULL,
  `description` varchar(255) COLLATE utf8_unicode_ci DEFAULT NULL,
  `unit_cost` int(11) DEFAULT NULL,
  `vendor_id` int(11) DEFAULT NULL,
  `manufacturer` varchar(255) COLLATE utf8_unicode_ci DEFAULT NULL,
  `note` text COLLATE utf8_unicode_ci DEFAULT NULL,
  `stock` int(11) DEFAULT NULL,
  `udf` text COLLATE utf8_unicode_ci DEFAULT NULL,
  `created_at` timestamp NULL DEFAULT NULL,
  `updated_at` timestamp NULL DEFAULT NULL,
  `deleted_at` timestamp NULL DEFAULT NULL
) ENGINE=InnoDB DEFAULT CHARSET=utf8 COLLATE=utf8_unicode_ci;

-- --------------------------------------------------------

--
-- Table structure for table `parts_category`
--

CREATE TABLE `parts_category` (
  `id` int(10) UNSIGNED NOT NULL,
  `name` varchar(255) COLLATE utf8_unicode_ci DEFAULT NULL,
  `created_at` timestamp NULL DEFAULT NULL,
  `updated_at` timestamp NULL DEFAULT NULL,
  `deleted_at` timestamp NULL DEFAULT NULL
) ENGINE=InnoDB DEFAULT CHARSET=utf8 COLLATE=utf8_unicode_ci;

--
-- Dumping data for table `parts_category`
--

INSERT INTO `parts_category` (`id`, `name`, `created_at`, `updated_at`, `deleted_at`) VALUES
(1, 'Engine Parts', '2020-09-19 03:22:43', '2020-09-19 03:22:43', NULL),
(2, 'Electricals', '2020-09-19 03:22:43', '2020-09-19 03:22:43', NULL);

-- --------------------------------------------------------

--
-- Table structure for table `parts_used`
--

CREATE TABLE `parts_used` (
  `id` int(10) UNSIGNED NOT NULL,
  `part_id` int(11) DEFAULT NULL,
  `work_id` int(11) DEFAULT NULL,
  `qty` int(11) DEFAULT NULL,
  `price` double DEFAULT NULL,
  `total` double DEFAULT NULL,
  `deleted_at` timestamp NULL DEFAULT NULL,
  `created_at` timestamp NULL DEFAULT NULL,
  `updated_at` timestamp NULL DEFAULT NULL
) ENGINE=InnoDB DEFAULT CHARSET=utf8 COLLATE=utf8_unicode_ci;

-- --------------------------------------------------------

--
-- Table structure for table `password_resets`
--

CREATE TABLE `password_resets` (
  `email` varchar(255) COLLATE utf8_unicode_ci NOT NULL,
  `token` varchar(255) COLLATE utf8_unicode_ci NOT NULL,
  `created_at` timestamp NULL DEFAULT NULL
) ENGINE=InnoDB DEFAULT CHARSET=utf8 COLLATE=utf8_unicode_ci;

-- --------------------------------------------------------

--
-- Table structure for table `payment_settings`
--

CREATE TABLE `payment_settings` (
  `id` int(10) UNSIGNED NOT NULL,
  `name` varchar(255) COLLATE utf8_unicode_ci NOT NULL,
  `value` longtext COLLATE utf8_unicode_ci DEFAULT NULL,
  `created_at` timestamp NULL DEFAULT NULL,
  `updated_at` timestamp NULL DEFAULT NULL,
  `deleted_at` timestamp NULL DEFAULT NULL
) ENGINE=InnoDB DEFAULT CHARSET=utf8 COLLATE=utf8_unicode_ci;

--
-- Dumping data for table `payment_settings`
--

INSERT INTO `payment_settings` (`id`, `name`, `value`, `created_at`, `updated_at`, `deleted_at`) VALUES
(1, 'method', '[\"cash\"]', '2020-09-19 03:22:43', '2020-09-19 03:22:43', NULL),
(2, 'currency_code', 'INR', '2020-09-19 03:22:43', '2020-09-19 03:22:43', NULL),
(3, 'stripe_publishable_key', '', '2020-09-19 03:22:43', '2020-09-19 03:22:43', NULL),
(4, 'stripe_secret_key', '', '2020-09-19 03:22:43', '2020-09-19 03:22:43', NULL),
(5, 'razorpay_key', '', '2020-09-19 03:22:43', '2020-09-19 03:22:43', NULL),
(6, 'razorpay_secret', '', '2020-09-19 03:22:43', '2020-09-19 03:22:43', NULL);

-- --------------------------------------------------------

--
-- Table structure for table `push_notification`
--

CREATE TABLE `push_notification` (
  `id` int(10) UNSIGNED NOT NULL,
  `user_id` int(11) DEFAULT NULL,
  `user_type` varchar(255) COLLATE utf8_unicode_ci DEFAULT NULL,
  `authtoken` varchar(255) COLLATE utf8_unicode_ci DEFAULT NULL,
  `contentencoding` varchar(255) COLLATE utf8_unicode_ci DEFAULT NULL,
  `endpoint` varchar(255) COLLATE utf8_unicode_ci DEFAULT NULL,
  `publickey` varchar(255) COLLATE utf8_unicode_ci DEFAULT NULL
) ENGINE=InnoDB DEFAULT CHARSET=utf8 COLLATE=utf8_unicode_ci;

-- --------------------------------------------------------

--
-- Table structure for table `reasons`
--

CREATE TABLE `reasons` (
  `id` int(10) UNSIGNED NOT NULL,
  `reason` text COLLATE utf8_unicode_ci DEFAULT NULL,
  `deleted_at` timestamp NULL DEFAULT NULL,
  `created_at` timestamp NULL DEFAULT NULL,
  `updated_at` timestamp NULL DEFAULT NULL
) ENGINE=InnoDB DEFAULT CHARSET=utf8 COLLATE=utf8_unicode_ci;

--
-- Dumping data for table `reasons`
--

INSERT INTO `reasons` (`id`, `reason`, `deleted_at`, `created_at`, `updated_at`) VALUES
(1, 'No fuel', NULL, '2020-09-19 03:22:43', '2020-09-19 03:22:43'),
(2, 'Tire punctured', NULL, '2020-09-19 03:22:43', '2020-09-19 03:22:43');

-- --------------------------------------------------------

--
-- Table structure for table `reviews`
--

CREATE TABLE `reviews` (
  `id` int(10) UNSIGNED NOT NULL,
  `user_id` int(11) DEFAULT NULL,
  `booking_id` int(11) DEFAULT NULL,
  `driver_id` int(11) DEFAULT NULL,
  `ratings` double(8,2) DEFAULT NULL,
  `review_text` text COLLATE utf8_unicode_ci DEFAULT NULL,
  `deleted_at` timestamp NULL DEFAULT NULL,
  `created_at` timestamp NULL DEFAULT NULL,
  `updated_at` timestamp NULL DEFAULT NULL
) ENGINE=InnoDB DEFAULT CHARSET=utf8 COLLATE=utf8_unicode_ci;

-- --------------------------------------------------------

--
-- Table structure for table `service_items`
--

CREATE TABLE `service_items` (
  `id` int(10) UNSIGNED NOT NULL,
  `description` text COLLATE utf8_unicode_ci DEFAULT NULL,
  `time_interval` varchar(255) COLLATE utf8_unicode_ci DEFAULT 'off',
  `overdue_time` varchar(255) COLLATE utf8_unicode_ci DEFAULT NULL,
  `overdue_unit` varchar(255) COLLATE utf8_unicode_ci DEFAULT NULL,
  `meter_interval` varchar(255) COLLATE utf8_unicode_ci DEFAULT 'off',
  `overdue_meter` varchar(255) COLLATE utf8_unicode_ci DEFAULT NULL,
  `show_time` varchar(255) COLLATE utf8_unicode_ci DEFAULT 'off',
  `duesoon_time` varchar(255) COLLATE utf8_unicode_ci DEFAULT NULL,
  `duesoon_unit` varchar(255) COLLATE utf8_unicode_ci DEFAULT NULL,
  `show_meter` varchar(255) COLLATE utf8_unicode_ci DEFAULT 'off',
  `duesoon_meter` varchar(255) COLLATE utf8_unicode_ci DEFAULT NULL,
  `deleted_at` timestamp NULL DEFAULT NULL,
  `created_at` timestamp NULL DEFAULT NULL,
  `updated_at` timestamp NULL DEFAULT NULL
) ENGINE=InnoDB DEFAULT CHARSET=utf8 COLLATE=utf8_unicode_ci;

--
-- Dumping data for table `service_items`
--

INSERT INTO `service_items` (`id`, `description`, `time_interval`, `overdue_time`, `overdue_unit`, `meter_interval`, `overdue_meter`, `show_time`, `duesoon_time`, `duesoon_unit`, `show_meter`, `duesoon_meter`, `deleted_at`, `created_at`, `updated_at`) VALUES
(1, 'Change oil', 'on', '60', 'day(s)', 'off', NULL, 'on', '2', 'day(s)', 'off', NULL, NULL, '2020-09-19 03:22:43', '2020-09-19 03:22:43');

-- --------------------------------------------------------

--
-- Table structure for table `service_reminder`
--

CREATE TABLE `service_reminder` (
  `id` int(10) UNSIGNED NOT NULL,
  `vehicle_id` int(11) DEFAULT NULL,
  `service_id` int(11) DEFAULT NULL,
  `last_date` varchar(255) COLLATE utf8_unicode_ci DEFAULT NULL,
  `last_meter` int(11) DEFAULT NULL,
  `deleted_at` timestamp NULL DEFAULT NULL,
  `created_at` timestamp NULL DEFAULT NULL,
  `updated_at` timestamp NULL DEFAULT NULL
) ENGINE=InnoDB DEFAULT CHARSET=utf8 COLLATE=utf8_unicode_ci;

-- --------------------------------------------------------

--
-- Table structure for table `settings`
--

CREATE TABLE `settings` (
  `id` int(10) UNSIGNED NOT NULL,
  `label` varchar(255) COLLATE utf8_unicode_ci NOT NULL,
  `name` varchar(255) COLLATE utf8_unicode_ci NOT NULL,
  `value` longtext COLLATE utf8_unicode_ci NOT NULL,
  `created_at` timestamp NULL DEFAULT NULL,
  `updated_at` timestamp NULL DEFAULT NULL,
  `deleted_at` timestamp NULL DEFAULT NULL
) ENGINE=InnoDB DEFAULT CHARSET=utf8 COLLATE=utf8_unicode_ci;

--
-- Dumping data for table `settings`
--

INSERT INTO `settings` (`id`, `label`, `name`, `value`, `created_at`, `updated_at`, `deleted_at`) VALUES
(1, 'Website Name', 'app_name', 'Xpress.com.bd', '2020-09-19 03:22:43', '2020-10-19 01:02:27', NULL),
(2, 'Business Address 1', 'badd1', 'Hatirjhil , Dhaka', '2020-09-19 03:22:43', '2020-10-19 01:02:27', NULL),
(3, 'Business Address 2', 'badd2', '79  Outer Circle Mogh Bazar', '2020-09-19 03:22:43', '2020-10-19 01:02:27', NULL),
(4, 'Email Address', 'email', 'master@admin.com', '2020-09-19 03:22:43', '2020-10-19 01:02:27', NULL),
(5, 'City', 'city', 'Dhaka', '2020-09-19 03:22:43', '2020-10-19 01:02:27', NULL),
(6, 'State', 'state', 'Dhaka', '2020-09-19 03:22:43', '2020-10-19 01:02:27', NULL),
(7, 'Country', 'country', 'Bangladesh', '2020-09-19 03:22:43', '2020-10-19 01:02:27', NULL),
(8, 'Distence Format', 'dis_format', 'km', '2020-09-19 03:22:43', '2020-10-19 01:02:27', NULL),
(9, 'Language', 'language', 'English-en', '2020-09-19 03:22:43', '2020-10-19 01:02:27', NULL),
(10, 'Currency', 'currency', '', '2020-09-19 03:22:43', '2020-10-19 01:02:27', NULL),
(11, 'Tax No', 'tax_no', 'ABCD8735XXX', '2020-09-19 03:22:43', '2020-10-19 01:02:27', NULL),
(12, 'Invoice Text', 'invoice_text', 'Etsy doostang zoodles disqus groupon greplin oooj voxy zoodles, weebly ning heekya handango imeem plugg dopplr jibjab, movity jajah plickers sifteo edmodo ifttt zimbra.', '2020-09-19 03:22:43', '2020-10-19 01:02:27', NULL),
(13, 'Small Logo', 'icon_img', '9e3d6f96-bdd3-453e-abdb-19133e1e52d7.jpg', '2020-09-19 03:22:43', '2020-10-19 01:02:28', NULL),
(14, 'Main Logo', 'logo_img', 'c730f2f1-e94f-4860-be16-7dd7c74937f4.jpg', '2020-09-19 03:22:43', '2020-10-19 01:02:29', NULL),
(15, 'Time Interval', 'time_interval', '30', '2020-09-19 03:22:43', '2020-10-19 01:02:27', NULL),
(16, 'Tax Charge', 'tax_charge', 'null', '2020-09-19 03:22:43', '2020-10-19 01:02:27', NULL),
(17, 'Fuel Unit', 'fuel_unit', 'liter', '2020-09-19 03:22:43', '2020-10-19 01:02:27', NULL),
(18, 'Date Format', 'date_format', 'd-m-Y', '2020-09-19 03:22:43', '2020-10-19 01:02:27', NULL);

-- --------------------------------------------------------

--
-- Table structure for table `team`
--

CREATE TABLE `team` (
  `id` int(10) UNSIGNED NOT NULL,
  `name` varchar(255) COLLATE utf8_unicode_ci DEFAULT NULL,
  `details` text COLLATE utf8_unicode_ci DEFAULT NULL,
  `designation` varchar(255) COLLATE utf8_unicode_ci DEFAULT NULL,
  `image` varchar(255) COLLATE utf8_unicode_ci DEFAULT NULL,
  `created_at` timestamp NULL DEFAULT NULL,
  `updated_at` timestamp NULL DEFAULT NULL,
  `deleted_at` timestamp NULL DEFAULT NULL
) ENGINE=InnoDB DEFAULT CHARSET=utf8 COLLATE=utf8_unicode_ci;

--
-- Dumping data for table `team`
--

INSERT INTO `team` (`id`, `name`, `details`, `designation`, `image`, `created_at`, `updated_at`, `deleted_at`) VALUES
(1, 'Cole Wilkinson', 'Lorem ipsum dolor, sit amet consectetur adipisicing elit. Temporibus neque est nemo et ipsum fugiat, ab facere adipisci. Aliquam quibusdam molestias quisquam distinctio? Culpa, voluptatem voluptates exercitationem sequi velit quaerat.', 'Owner', NULL, '2020-09-19 03:22:43', '2020-09-19 03:22:43', NULL),
(2, 'Stephen Towne', 'Lorem ipsum dolor, sit amet consectetur adipisicing elit. Temporibus neque est nemo et ipsum fugiat, ab facere adipisci. Aliquam quibusdam molestias quisquam distinctio? Culpa, voluptatem voluptates exercitationem sequi velit quaerat.', 'Owner', NULL, '2020-09-19 03:22:43', '2020-09-19 03:22:43', NULL),
(3, 'Griffin Corkery', 'Lorem ipsum dolor, sit amet consectetur adipisicing elit. Temporibus neque est nemo et ipsum fugiat, ab facere adipisci. Aliquam quibusdam molestias quisquam distinctio? Culpa, voluptatem voluptates exercitationem sequi velit quaerat.', 'Owner', NULL, '2020-09-19 03:22:43', '2020-09-19 03:22:43', NULL),
(4, 'Savannah Gutmann Sr.', 'Lorem ipsum dolor, sit amet consectetur adipisicing elit. Temporibus neque est nemo et ipsum fugiat, ab facere adipisci. Aliquam quibusdam molestias quisquam distinctio? Culpa, voluptatem voluptates exercitationem sequi velit quaerat.', 'Owner', NULL, '2020-09-19 03:22:43', '2020-09-19 03:22:43', NULL),
(5, 'Mr. Brycen Lockman IV', 'Lorem ipsum dolor, sit amet consectetur adipisicing elit. Temporibus neque est nemo et ipsum fugiat, ab facere adipisci. Aliquam quibusdam molestias quisquam distinctio? Culpa, voluptatem voluptates exercitationem sequi velit quaerat.', 'Owner', NULL, '2020-09-19 03:22:43', '2020-09-19 03:22:43', NULL),
(6, 'Saiful', 'hello', 'develper', NULL, '2020-09-22 03:23:10', '2020-09-22 03:23:10', NULL),
(7, 'Saiful', 'fdfd', 'develper', NULL, '2020-09-22 03:24:12', '2020-09-22 03:24:19', '2020-09-22 03:24:19');

-- --------------------------------------------------------

--
-- Table structure for table `testimonials`
--

CREATE TABLE `testimonials` (
  `id` int(10) UNSIGNED NOT NULL,
  `name` varchar(255) COLLATE utf8_unicode_ci DEFAULT NULL,
  `details` text COLLATE utf8_unicode_ci DEFAULT NULL,
  `image` varchar(255) COLLATE utf8_unicode_ci DEFAULT NULL,
  `created_at` timestamp NULL DEFAULT NULL,
  `updated_at` timestamp NULL DEFAULT NULL,
  `deleted_at` timestamp NULL DEFAULT NULL
) ENGINE=InnoDB DEFAULT CHARSET=utf8 COLLATE=utf8_unicode_ci;

--
-- Dumping data for table `testimonials`
--

INSERT INTO `testimonials` (`id`, `name`, `details`, `image`, `created_at`, `updated_at`, `deleted_at`) VALUES
(1, 'Grover Jacobi II', 'Lorem ipsum dolor sit amet, consectetur adipisicing elit. Amet animi doloribus, repudiandae iusto magnam soluta voluptates, expedita aspernatur consectetur! Ex fugit ducimus itaque, quibusdam nemo in animi quae libero repellendus!', NULL, '2020-09-19 03:22:43', '2020-09-19 03:22:43', NULL),
(2, 'Dr. Margot Koepp', 'Lorem ipsum dolor sit amet, consectetur adipisicing elit. Amet animi doloribus, repudiandae iusto magnam soluta voluptates, expedita aspernatur consectetur! Ex fugit ducimus itaque, quibusdam nemo in animi quae libero repellendus!', NULL, '2020-09-19 03:22:43', '2020-09-19 03:22:43', NULL),
(3, 'Wilburn Lowe Jr.', 'Lorem ipsum dolor sit amet, consectetur adipisicing elit. Amet animi doloribus, repudiandae iusto magnam soluta voluptates, expedita aspernatur consectetur! Ex fugit ducimus itaque, quibusdam nemo in animi quae libero repellendus!', NULL, '2020-09-19 03:22:43', '2020-09-19 03:22:43', NULL),
(4, 'Keyon Okuneva', 'Lorem ipsum dolor sit amet, consectetur adipisicing elit. Amet animi doloribus, repudiandae iusto magnam soluta voluptates, expedita aspernatur consectetur! Ex fugit ducimus itaque, quibusdam nemo in animi quae libero repellendus!', NULL, '2020-09-19 03:22:43', '2020-09-19 03:22:43', NULL),
(5, 'Lolita Kirlin', 'Lorem ipsum dolor sit amet, consectetur adipisicing elit. Amet animi doloribus, repudiandae iusto magnam soluta voluptates, expedita aspernatur consectetur! Ex fugit ducimus itaque, quibusdam nemo in animi quae libero repellendus!', NULL, '2020-09-19 03:22:43', '2020-09-19 03:22:43', NULL);

-- --------------------------------------------------------

--
-- Table structure for table `thana`
--

CREATE TABLE `thana` (
  `id` int(11) NOT NULL,
  `city_id` int(11) NOT NULL,
  `upozila_name` varchar(255) NOT NULL
) ENGINE=InnoDB DEFAULT CHARSET=latin1;

--
-- Dumping data for table `thana`
--

INSERT INTO `thana` (`id`, `city_id`, `upozila_name`) VALUES
(1, 1, 'Zianagar'),
(2, 1, 'Perojpur Sadar'),
(3, 1, 'Nazirpur'),
(5, 1, 'Bhandaria'),
(6, 1, 'Kawkhali'),
(7, 1, 'Mothbaria'),
(8, 2, 'Galachipa'),
(9, 2, 'Dashmina'),
(10, 2, 'Kalapara'),
(11, 2, 'Mirjaganj'),
(12, 2, 'Patuakhali Sadar'),
(13, 2, 'Dumki'),
(14, 2, 'Bauphal'),
(15, 2, 'Rangabali'),
(16, 3, 'Jhalokathi Sadar'),
(17, 3, 'Kathalia'),
(18, 3, 'Nalchity'),
(19, 3, 'Rajapur'),
(20, 4, 'Bhola Sadar'),
(21, 4, 'Charfassion'),
(22, 4, 'Lalmohan'),
(23, 4, 'Monpura'),
(24, 4, 'Tazumuddin'),
(25, 4, 'Daulatkhan'),
(26, 4, 'Borhanuddin'),
(27, 5, 'Banaripara'),
(28, 5, 'Agailjhara'),
(29, 5, 'Gouranadi'),
(30, 5, 'Hizla'),
(31, 5, 'Mehendiganj'),
(32, 5, 'Muladi'),
(33, 5, 'Babuganj'),
(34, 5, 'Bakerganj'),
(35, 5, 'Uzirpur'),
(36, 5, 'Barisal Sadar'),
(37, 6, 'Betagi'),
(38, 6, 'Amtali'),
(39, 6, 'Bamna'),
(40, 6, 'Barguna Sadar'),
(41, 6, 'Patharghata'),
(42, 6, 'Taltali'),
(43, 7, 'Baghaichari'),
(44, 7, 'Barkal'),
(45, 7, 'Belaichari'),
(46, 7, 'Juraichari'),
(47, 7, 'Kaptai'),
(48, 7, 'Kaukhali'),
(49, 7, 'Langadu'),
(50, 7, 'Nanniarchar'),
(51, 7, 'Rajosthali'),
(52, 7, 'Rangamati Sadar'),
(53, 8, 'Begumganj'),
(54, 8, 'Chatkhil'),
(55, 8, 'Companiganj'),
(56, 8, 'Hatiya'),
(57, 8, 'Kabir Hat'),
(58, 8, 'Noakhali Sadar'),
(59, 8, 'Senbag'),
(60, 8, 'Sonaimuri'),
(61, 8, 'Subarna Char'),
(62, 9, 'Komol Nagar'),
(63, 9, 'Laxmipur Sadar'),
(64, 9, 'Raipur'),
(65, 9, 'Ramganj'),
(66, 9, 'Ramgati'),
(67, 10, 'Dighinala'),
(68, 10, 'Khagrachari Sadar'),
(69, 10, 'Laxmichari'),
(70, 10, 'Mahalchari'),
(71, 10, 'Manikchari'),
(72, 10, 'Matiranga'),
(73, 10, 'Panchari'),
(74, 10, 'Ramgarh'),
(75, 11, 'Chhagalniya'),
(76, 11, 'Daganbhuiyan'),
(77, 11, 'Feni Sadar'),
(78, 11, 'Fulgazi'),
(79, 11, 'Porshuram'),
(80, 11, 'Sonagazi'),
(81, 12, 'Chakoria'),
(82, 12, 'Coxs Bazar Sadar'),
(83, 12, 'Kutubdia'),
(84, 12, 'Moheskhali'),
(85, 12, 'Pekua'),
(86, 12, 'Ramu'),
(87, 12, 'Teknaf'),
(88, 12, 'Ukhiya'),
(89, 13, 'Barura'),
(90, 13, 'Brahmanpara'),
(91, 13, 'Burichong'),
(92, 13, 'Chandina'),
(93, 13, 'Chouddagram'),
(94, 13, 'Comilla Sadar'),
(95, 13, 'Comilla Sadar Daksin'),
(96, 13, 'Daudkandi'),
(97, 13, 'Debidwar'),
(98, 13, 'Homna'),
(99, 13, 'Laksham'),
(100, 13, 'Meghna'),
(101, 13, 'Monohorganj'),
(102, 13, 'Muradnagar'),
(103, 13, 'Nangalkot'),
(104, 13, 'Titas'),
(105, 14, 'Anwara'),
(106, 14, 'Banskhali'),
(107, 14, 'Boalkhali'),
(108, 14, 'Chandanish'),
(109, 14, 'Fatikchari'),
(110, 14, 'Hathazari'),
(111, 14, 'Lohagara'),
(112, 14, 'Mirsharai'),
(113, 14, 'Patiya'),
(114, 14, 'Rangunia'),
(115, 14, 'Raojan'),
(116, 14, 'Sandwip'),
(117, 14, 'Satkania'),
(118, 14, 'Sitakunda'),
(119, 15, 'Chandpur Sadar'),
(120, 15, 'Faridganj'),
(121, 15, 'Haimchar'),
(122, 15, 'Haziganj'),
(123, 15, 'Kachua'),
(124, 15, 'Matlab Dakshin'),
(125, 15, 'Matlab Uttar'),
(126, 15, 'Shahrasti'),
(127, 16, 'Akhaura'),
(128, 16, 'Ashuganj'),
(129, 16, 'B Baria Sadar'),
(130, 16, 'Bancharampur'),
(131, 16, 'BijoyNagar'),
(132, 16, 'Kasba'),
(133, 16, 'Nabinagar'),
(134, 16, 'Nasirnagar'),
(135, 16, 'Sarail'),
(136, 17, 'Alikadam'),
(137, 17, 'Bandarban Sadar'),
(138, 17, 'Lama'),
(139, 17, 'Naikhyongchari'),
(140, 17, 'Rowangchari'),
(141, 17, 'Ruma'),
(142, 17, 'Thanchi'),
(143, 30, 'Dhamrai Pouroshova'),
(144, 30, 'Dohar'),
(145, 30, 'Keraniganj'),
(146, 30, 'Nawabganj'),
(147, 30, 'Savar'),
(148, 30, 'Tejgaon Circle '),
(149, 29, 'Saltha'),
(150, 29, 'Nagarkanda'),
(151, 29, 'Alfadanga'),
(152, 29, 'Bhanga'),
(153, 29, 'Boalmari'),
(154, 29, 'Charbhadrasan '),
(155, 29, 'Faridpur sadar '),
(156, 29, 'Sadarpur '),
(157, 29, 'Madhukhali '),
(158, 28, 'Joydebur  '),
(159, 28, 'Kaliakoir '),
(160, 28, 'Kaliganj '),
(161, 28, 'Kapasia '),
(162, 28, 'Sreepur '),
(163, 27, 'Gopalganj Sadar '),
(164, 27, 'Kasiani '),
(165, 27, 'Kotwalipara '),
(166, 27, 'Muksudpur '),
(167, 27, 'Tungipara'),
(168, 26, 'Austagram '),
(169, 26, 'Bajitpur '),
(170, 26, 'Bhairab '),
(171, 26, 'Hossainpur '),
(172, 26, 'Itna '),
(173, 26, 'Karimganj '),
(174, 26, 'Katiadi '),
(175, 26, 'Kishoreganj Sadar '),
(176, 26, 'Kuliarchar '),
(177, 26, 'Mithamoin '),
(178, 26, 'Nikli '),
(179, 26, 'Pakundia '),
(180, 26, 'Tarail '),
(181, 25, 'Kalkini '),
(182, 25, 'Madaripur Sadar '),
(183, 25, 'Rajoir '),
(184, 25, 'Shibchar '),
(185, 24, 'Daulatpur '),
(186, 24, 'Ghior '),
(187, 24, 'Harirampur '),
(188, 24, 'Manikganj Sadar '),
(189, 24, 'Saturia '),
(190, 24, 'Shivalaya '),
(191, 24, 'Singair '),
(192, 23, 'Gazaria '),
(193, 23, 'Lauhajong'),
(194, 23, 'Munshiganj Sadar '),
(195, 23, 'Sirajdikhan '),
(196, 23, 'Sreenagar '),
(197, 23, 'Tongibari '),
(198, 22, 'Araihazar '),
(199, 22, 'Bandar '),
(200, 22, 'Narayanganj Sadar '),
(201, 22, 'Rupganj '),
(202, 22, 'Sonargaon '),
(203, 21, 'Belabo '),
(204, 21, 'Monohardi '),
(205, 21, 'Narshingdi Sadar '),
(206, 21, 'Palash '),
(207, 21, 'Raipura '),
(208, 21, 'Shibpur '),
(209, 20, 'Baliakandi '),
(210, 20, 'Goalanda '),
(211, 20, 'Kalukhali '),
(212, 20, 'Pangsha '),
(213, 20, 'Rajbari Sadar '),
(214, 19, 'Bhedarganj '),
(215, 19, 'Damuddya '),
(216, 19, 'Goshairhat '),
(217, 19, 'Janjira '),
(218, 19, 'Naria '),
(219, 19, 'Shariatpur Sadar '),
(220, 18, 'Basail '),
(221, 18, 'Bhuapur '),
(222, 18, 'Delduar '),
(223, 18, 'Dhanbari '),
(224, 18, 'Ghatail '),
(225, 18, 'Gopalpur '),
(226, 18, 'Kalihati '),
(227, 18, 'Madhupur '),
(228, 18, 'Mirzapur '),
(229, 18, 'Nagarpur '),
(230, 18, 'Shakhipur '),
(231, 18, 'Tangail Sadar '),
(232, 31, 'Assasuni'),
(233, 31, 'Kalaroa'),
(234, 31, 'Satkhira Sadar'),
(235, 31, 'Kaliganj'),
(236, 31, 'Debhata'),
(237, 31, 'Shyamnagar'),
(238, 31, 'Tala'),
(239, 32, 'Narail Sadar'),
(240, 32, 'Lohagara'),
(241, 32, 'Kalia'),
(242, 33, 'Gangni'),
(243, 33, 'Mujib Nagar'),
(244, 33, 'Meherpur Sadar'),
(245, 34, 'Salikha'),
(246, 34, 'Magura Sadar'),
(247, 34, 'Mohammadpur'),
(248, 34, 'Sreepur'),
(249, 35, 'Khoksha'),
(250, 35, 'Bheramara'),
(251, 35, 'Daulatpur'),
(252, 35, 'Kumarkhali'),
(253, 35, 'Mirpur'),
(254, 36, 'Dacope'),
(255, 36, 'Batiaghata'),
(256, 36, 'Dighalia'),
(257, 36, 'Dumuria'),
(258, 36, 'Koira'),
(259, 36, 'Paikgacha'),
(260, 36, 'Phultala'),
(261, 36, 'Terokhada'),
(262, 36, 'Rupsa'),
(263, 35, 'Kushtia Sadar'),
(264, 37, 'Shailkupa'),
(265, 37, 'Moheshpur'),
(266, 37, 'Kotchandpur'),
(267, 37, 'Harinakunda'),
(268, 37, 'Jhenaidah Sadar'),
(269, 37, 'Kaliganj'),
(270, 38, 'Abhoynagar'),
(271, 38, 'Bagherpara'),
(272, 38, 'Chowgacha'),
(273, 38, 'Jhikargacha'),
(274, 38, 'Keshabpur'),
(275, 38, 'Jessore Sadar'),
(276, 38, 'Monirampur'),
(277, 38, 'Sarsha'),
(278, 39, 'Damurhuda'),
(279, 39, 'Chuadanga Sadar'),
(280, 39, 'Jibannagar'),
(281, 39, 'Alamdanga'),
(282, 40, 'Mongla'),
(283, 40, 'Chitalmari'),
(284, 40, 'Sharankhola'),
(285, 40, 'Rampal'),
(286, 40, 'Mollahat'),
(287, 40, 'Kachua'),
(288, 40, 'Fakirhat'),
(289, 40, 'Bagerhat Sadar'),
(290, 40, 'Morrelganj'),
(291, 40, 'Bagerhat Sadar'),
(292, 40, 'Morrelganj'),
(293, 41, 'Nakla'),
(294, 41, 'Jhenaigati'),
(295, 41, 'Nalitabari'),
(296, 41, 'Sherpur Sadar'),
(297, 41, 'Sreebordi'),
(298, 42, 'Kendua'),
(299, 42, 'Atpara'),
(300, 42, 'Barhatta'),
(301, 42, 'Durgapur'),
(302, 42, 'Kalmakanda'),
(303, 42, 'Madan'),
(304, 42, 'Mohanganj'),
(305, 42, 'Netrakona Sadar'),
(306, 42, 'Purbadhala'),
(307, 42, 'Khaliajuri'),
(308, 43, 'Nandail'),
(309, 43, 'Haluaghat'),
(310, 43, 'Muktagacha'),
(311, 43, 'Trishal'),
(312, 43, 'Dhobaura'),
(313, 43, 'Gaffargaon'),
(314, 43, 'Fulbaria'),
(315, 43, 'Mymensingh Sadar'),
(316, 43, 'Ishwarganj'),
(317, 43, 'Phulpur'),
(318, 43, 'Gouripur'),
(319, 43, 'Bhaluka'),
(320, 44, 'Dewanganj'),
(321, 44, 'Islampur'),
(322, 44, 'Jamalpur Sadar'),
(323, 44, 'Madarganj'),
(324, 44, 'Melendah'),
(325, 44, 'Sarishabari'),
(326, 44, 'Bakshiganj'),
(327, 45, 'Tarash'),
(328, 45, 'Ullapara'),
(329, 45, 'Serajganj Sadar'),
(330, 45, 'Shahzadpur'),
(331, 45, 'Raiganj'),
(332, 45, 'Kazipur'),
(333, 45, 'Chowhali'),
(334, 45, 'Belkuchi'),
(335, 45, 'Kamarkhand'),
(336, 46, 'Godagari'),
(337, 46, 'Paba'),
(338, 46, 'Bagha'),
(339, 46, 'Bagmara'),
(340, 46, 'Charghat'),
(341, 46, 'Durgapur'),
(342, 46, 'Mohanpur'),
(343, 46, 'Puthia'),
(344, 46, 'Tanore'),
(345, 47, 'Atghoria'),
(346, 47, 'Bera'),
(347, 47, 'Chatmohar'),
(348, 47, 'Faridpur'),
(349, 47, 'Ishwardi'),
(350, 47, 'Bhangura'),
(351, 47, 'Sujanagar'),
(352, 47, 'Santhia'),
(353, 47, 'Pabna Sadar'),
(354, 48, 'Bagatipara'),
(355, 48, 'Baraigram'),
(356, 48, 'Gurudaspur'),
(357, 48, 'Lalpur'),
(358, 48, 'Natore Sadar'),
(359, 48, 'Singra'),
(360, 48, 'Naldanga'),
(361, 49, 'Mohadevpur'),
(362, 49, 'Shapahar'),
(363, 49, 'Raninagar'),
(364, 49, 'Porsha'),
(365, 49, 'Patnitala'),
(366, 49, 'Dhamoirhat'),
(367, 49, 'Naogaon Sadar'),
(368, 49, 'Niamatpur'),
(369, 49, 'Atrai'),
(370, 49, 'Manda'),
(371, 49, 'Badalgachi'),
(372, 50, 'Joypurhat Sadar'),
(373, 50, 'Akkelpur'),
(374, 50, 'Khetlal'),
(375, 50, 'Panchbibi'),
(376, 50, 'Kalai'),
(377, 51, 'gomostapur'),
(378, 51, 'bholahat'),
(379, 51, 'nachol'),
(380, 51, 'nawabganj Sadar'),
(381, 51, 'shibganj'),
(382, 52, 'Adamdighi'),
(383, 52, 'Bogra Sadar'),
(384, 52, 'Dhunot'),
(385, 52, 'Dhupchancia'),
(386, 52, 'Gabtali'),
(387, 52, 'Kahaloo'),
(388, 52, 'Nandigram'),
(389, 52, 'Sariakandi'),
(390, 52, 'Sherpur'),
(391, 52, 'Shibganj'),
(392, 52, 'Sonatala'),
(393, 52, 'Shajahanpur'),
(394, 53, 'Thakurgaon Sadar'),
(395, 53, 'Baliadangi'),
(396, 53, 'Haripur'),
(397, 53, 'Pirganj'),
(398, 53, 'Ranisankail'),
(399, 54, 'Pirgacha'),
(400, 54, 'Rangpur Sadar'),
(401, 54, 'Pirganj'),
(402, 54, 'Mithapukur'),
(403, 54, 'Taraganj'),
(404, 54, 'Kaunia'),
(405, 54, 'Gangachara'),
(406, 54, 'Badarganj'),
(407, 55, 'Boda'),
(408, 55, 'Atwari'),
(409, 55, 'Debiganj'),
(410, 55, 'Panchagarh Sadar'),
(411, 55, 'Tetulia'),
(412, 56, 'Dimla'),
(413, 56, 'Domar'),
(414, 56, 'Jaldhaka'),
(415, 56, 'Kishoreganj'),
(416, 56, 'Nilphamari Sadar'),
(417, 56, 'Sayedpur'),
(418, 57, 'Patgram'),
(419, 57, 'Lalmonirhat Sadar'),
(420, 57, 'Kaliganj'),
(421, 57, 'Hatibandha'),
(422, 57, 'Aditmari'),
(423, 58, 'Bhurungamari'),
(424, 58, 'Rajibpur'),
(425, 58, 'Chilmari'),
(426, 58, 'Fulbari'),
(427, 58, 'Kurigram Sadar'),
(428, 58, 'Nageswari'),
(429, 58, 'Rowmari'),
(430, 58, 'Rajarhat'),
(431, 58, 'Ulipur'),
(432, 59, 'Saghata'),
(433, 59, 'Palashbari'),
(434, 59, 'Sundarganj'),
(435, 59, 'Sadullapur'),
(436, 59, 'Gobindaganj'),
(437, 59, 'Gaibandha Sadar'),
(438, 59, 'Fulchari'),
(439, 60, 'Birol'),
(440, 60, 'Bochaganj'),
(441, 60, 'Chirirbandar'),
(442, 60, 'Fulbari'),
(443, 60, 'Ghoraghat'),
(444, 60, 'Hakimpur'),
(445, 60, 'Kaharol'),
(446, 60, 'Khanshama'),
(447, 60, 'Dinajpur Sadar'),
(448, 60, 'Nawabganj'),
(449, 60, 'Birampur'),
(450, 60, 'Parbatipur'),
(451, 60, 'Birganj'),
(452, 61, 'Companiganj'),
(453, 61, 'Kanaighat'),
(454, 61, 'Dakshin Surma'),
(455, 61, 'Zakiganj'),
(456, 61, 'Sylhet Sadar'),
(457, 61, 'Jointiapur'),
(458, 61, 'Gowainghat'),
(459, 61, 'Fenchuganj'),
(460, 61, 'Biswanath'),
(461, 61, 'Beanibazar'),
(462, 61, 'Balaganj'),
(463, 61, 'Golapganj'),
(464, 61, 'Osmaninagar'),
(465, 62, 'Dakhin Sunamganj'),
(466, 62, 'Biswamvarpur'),
(467, 62, 'Tahirpur'),
(468, 62, 'Sunamganj Sadar'),
(469, 62, 'Sharla'),
(470, 62, 'Jamalganj'),
(471, 62, 'Jagannathpur'),
(472, 62, 'Doarabazar'),
(473, 62, 'Dharmapasha'),
(474, 62, 'Chatak'),
(475, 62, 'Derai'),
(476, 63, 'Kulaura'),
(477, 63, 'Kamalganj'),
(478, 63, 'Moulvibazar Sadar'),
(479, 63, 'Rajnagar'),
(480, 63, 'Sreemangal'),
(481, 63, 'Juri'),
(482, 63, 'Barlekha'),
(483, 64, 'Baniachong'),
(484, 64, 'Azmiriganj'),
(485, 64, 'Nabiganj'),
(486, 64, 'Madhabpur'),
(487, 64, 'Lakhai'),
(488, 64, 'Habiganj Sadar'),
(489, 64, 'Chunarughat'),
(490, 64, 'Bahubal'),
(491, 30, 'Kafrul'),
(492, 30, 'Mirpur-2'),
(495, 30, 'jatrabari'),
(496, 30, 'Sobujbag'),
(497, 30, 'Khilgaon'),
(498, 30, 'Motijheel'),
(499, 30, 'Rampura'),
(500, 30, 'Badda'),
(501, 30, 'Batara'),
(502, 30, 'Gulshan-2'),
(503, 30, 'Lalbagh'),
(504, 30, 'Hazaribahg'),
(505, 30, 'Shahaali'),
(506, 30, 'Pollabi'),
(507, 30, 'uttara'),
(508, 30, 'Ashulia'),
(509, 30, 'Shavar'),
(510, 30, 'Mohommadpur'),
(511, 30, 'Demra'),
(512, 30, 'Tajgaon'),
(513, 30, 'Sherebangla Nogor'),
(514, 30, 'Dhanmondi'),
(515, 30, 'Mugda'),
(516, 30, 'Saidabad'),
(517, 30, 'Wari'),
(518, 30, 'Shempur'),
(519, 30, 'Kochukhat'),
(520, 30, 'Shahabgh'),
(521, 30, 'Romna'),
(522, 30, 'Polton'),
(523, 30, 'Kamrangirchr'),
(525, 46, 'Rajshahi Sadar'),
(526, 30, 'Darusalam'),
(527, 1, 'swarupkathi'),
(532, 0, 'swarupkathi'),
(533, 0, 'gf'),
(535, 2, 'swarupkathi'),
(537, 14, 'Chittagong Sadar'),
(539, 30, 'Dhaka city'),
(540, 28, 'Gazipur sadar'),
(541, 28, 'Tongi'),
(542, 70, 'Trishal'),
(543, 70, 'Mymensingh Sadar'),
(544, 70, 'Issorgonj'),
(545, 70, 'Goforgaon'),
(546, 70, 'Gouripur'),
(547, 70, 'Tarakandha'),
(548, 70, 'Dhobaura'),
(549, 70, 'Nandail'),
(550, 70, 'Fulpur'),
(551, 70, 'Fulbaria'),
(552, 70, 'Vhaluka'),
(553, 70, 'Haluaghat'),
(554, 70, 'Muktagacha'),
(555, 71, 'Islampur'),
(556, 71, 'Jamalpur Sadar'),
(557, 71, 'Dewangonj'),
(558, 71, 'Bakshigonj'),
(559, 71, 'Madargonj'),
(560, 71, 'Melondha'),
(561, 71, 'Shorishabari'),
(562, 72, 'Mohongonj'),
(563, 72, 'Aatpara'),
(564, 72, 'Kolmakandha'),
(565, 72, 'Kendua'),
(566, 72, 'Khaliajury'),
(567, 72, 'Durgapur'),
(568, 72, 'Netrokona Sadar'),
(569, 72, 'Purbodhala'),
(570, 72, 'Barhatta'),
(571, 72, 'Modon'),
(572, 73, 'Jhinaigaty'),
(573, 73, 'Nokla'),
(574, 73, 'Nalitabari'),
(575, 73, 'Serpur Sadar'),
(576, 73, 'Sribordhi'),
(577, 61, 'Sylhet Sadar'),
(578, 61, 'Bisssonath'),
(579, 64, 'Shayestagonj'),
(580, 13, 'Lalmai'),
(581, 13, 'Bangurabazar'),
(582, 9, 'Chondroganj'),
(583, 10, 'Ghuimara'),
(584, 1, 'Indurkani'),
(585, 1, 'Nesarabad'),
(586, 39, 'Dhorsona'),
(587, 38, 'Benapoul Port'),
(588, 19, 'Shokhipur');

-- --------------------------------------------------------

--
-- Table structure for table `time_slot`
--

CREATE TABLE `time_slot` (
  `id` int(11) NOT NULL,
  `time` varchar(255) NOT NULL,
  `create_at` timestamp NOT NULL DEFAULT current_timestamp() ON UPDATE current_timestamp()
) ENGINE=InnoDB DEFAULT CHARSET=latin1;

--
-- Dumping data for table `time_slot`
--

INSERT INTO `time_slot` (`id`, `time`, `create_at`) VALUES
(1, '10 AM - 6 PM', '2020-09-29 11:33:37'),
(2, '6 PM - 1 AM', '2020-09-29 11:33:59'),
(3, '10 AM - 12 AM', '2020-09-29 11:34:05');

-- --------------------------------------------------------

--
-- Table structure for table `users`
--

CREATE TABLE `users` (
  `id` int(10) UNSIGNED NOT NULL,
  `name` varchar(255) COLLATE utf8_unicode_ci DEFAULT NULL,
  `email` varchar(255) COLLATE utf8_unicode_ci DEFAULT NULL,
  `password` varchar(255) COLLATE utf8_unicode_ci DEFAULT NULL,
  `user_type` varchar(255) COLLATE utf8_unicode_ci DEFAULT NULL,
  `group_id` int(11) DEFAULT NULL,
  `api_token` varchar(60) COLLATE utf8_unicode_ci NOT NULL,
  `remember_token` varchar(100) COLLATE utf8_unicode_ci DEFAULT NULL,
  `created_at` timestamp NULL DEFAULT NULL,
  `updated_at` timestamp NULL DEFAULT NULL,
  `deleted_at` timestamp NULL DEFAULT NULL
) ENGINE=InnoDB DEFAULT CHARSET=utf8 COLLATE=utf8_unicode_ci;

--
-- Dumping data for table `users`
--

INSERT INTO `users` (`id`, `name`, `email`, `password`, `user_type`, `group_id`, `api_token`, `remember_token`, `created_at`, `updated_at`, `deleted_at`) VALUES
(1, 'Super Administrator', 'master@admin.com', '$2y$10$yPMLyPHUZ.tHEXvOkc4Rpu3jjXcFABaTJAtlIgm2oHRJeg7.w7o/.', 'S', NULL, 'eeMiPz8xtdAd9St3dbBnlo3SCCbPdr8V6HbZ043OXA9GhqW1b6XB94KQm7XZ', NULL, '2020-09-19 03:22:43', '2020-09-19 03:22:43', NULL),
(2, 'User One', 'user1@admin.com', '$2y$10$hZQKQIwylDw.ge2estWLTelMiv9tR2zKoLu5boqQj1FsMqJ6nJhxm', 'O', 1, '4E2Nc6NU4ho9Zvl1srrKHmukLhfqcF7CwQxmcgCXDxKYd2tUuVjA8g3UvzfI', NULL, '2020-09-19 03:22:43', '2020-09-19 03:22:43', NULL),
(3, 'User Two', 'user2@admin.com', '$2y$10$u76nPcXS10XVFUQQlC6n2O7AAgxynNZrwDmxCcl.w15IquSeDqhbu', 'O', 1, 'lyYMRNePzF6GxBGcpHe14eyJM4DLosYpDMwuxB0nHAHbPJZeUcuguB00aDwx', NULL, '2020-09-19 03:22:43', '2020-09-19 03:22:43', NULL),
(4, 'Md saiful saif', 'saif@gmail.com', '$2y$10$0OJg4FKe9eJoiDbfxB2AeOaBaat8JMkkRBiLuHbNmPxTA4amzXEia', 'C', NULL, 'soolv73qJetJUkA3DTHt4DOjiUimjOHWGxQzs3mWLqhwZhZFm8qlFU4dwFEz', NULL, '2020-09-19 03:22:43', '2020-11-04 04:09:03', NULL),
(5, 'Customer Two', 'c1@gmail.com', '$2y$10$FybanF6YykZbLPvZhpA.N.OarhgaLH/LHccmAv9Dbksp7l5vwmEVu', 'C', NULL, 'M7ws4yUL1WacbAP75yAsed1SFo9qJjsEMbQVawn0xujihSbzOvHSWM8fS1Z1', NULL, '2020-09-19 03:22:43', '2020-10-05 03:26:36', NULL),
(6, 'Ms. Dora Weimann Sr.', 'clay05@example.com', '$2y$10$rC7sOjE1IagfayEQ1hG7qOSWdB6CeIthvJzZ2AJ4EncbY5clM.JnS', 'D', NULL, 'lYjDVsBromNBAOGblipgW7L3xMoxPvfY375JdaEFL9EU9tTs34eQ0Z6Ll8bF', 'wymEwNgEUP', '2020-09-19 03:22:43', '2020-09-19 03:22:43', NULL),
(7, 'Myrl Dooley', 'qjacobs@example.org', '$2y$10$s8T14r16dzIcf8Ap1v4DMe0sIQ6HuaUT1n5gKD1lSP0mLhsaCb4tu', 'D', NULL, 'mAm5XNMy54EwnlJ1jDlveOAjiuwqYUPRZG16DsSacDJ1rhMphPQG09OjkS8U', 'opc70dQn19', '2020-09-19 03:22:43', '2020-09-19 03:22:43', NULL),
(8, 'Rowan Bolton', 'qokyvo@mailinator.com ', '$2y$10$sB8FDQgHsahNrdSC9vHM9OMk4mABMHNaHCyMG8NJAQf7r5XlnArbe', 'C', NULL, 'ibtwrgaxmSYDEuD8UdZEnGeyfoH9EWTawWnYA0ibszltfwkh3joNPxbPrpqv', NULL, '2020-10-11 05:46:11', '2020-10-11 05:46:11', NULL),
(9, 'Saiful Saif', 'saiful@infobizsoft.com', '$2y$10$Z7YOE9KsBDEWBoKPqwGgnOilTOClYpM49h2F87Dng0L.Py4.Tq7ke', 'C', NULL, 'eCxCWZsKxU6vShYOvfXbGw6OjX0NoQ2dRhNp4IvQWHn0ALFtIefFU4HB41e9', NULL, '2020-10-11 05:46:11', '2020-10-11 05:46:11', NULL),
(10, 'saif1', 'saif1@gmail.com', '$2y$10$BWRMUQCE60X07ugjBKQzxurY6w4EjeTt0yAjEIpZOqVBe9DbQs6lG', 'C', NULL, 'JwO7KGdNDNsNqAIlOZKDJk300nUnYUmwmiOFRf9dvKaxc5v9jodFR1tNq0S3', NULL, '2020-10-19 01:22:22', '2020-10-19 01:22:22', NULL),
(11, 'maste4', 'master1@admin.com', '$2y$10$lZn8h03ov9Hx4669ZVcGXueZbLDQgJJ/YyyOMZMaBguKJKb0CiWmi', 'C', NULL, 'BmafG7qfDaF8FhtHTnDNFnpjE01XPCY6cipC1N0VhMW3XLOw7USJYgy652dF', NULL, '2020-10-19 01:54:37', '2020-10-19 01:54:37', NULL),
(12, 'kader', 'kader@gmail.com', '$2y$10$Jw2rjv6hLVhnrN39unGpn.sGOGm.8KwM5ZC/VIy73gyE1dVu2y0U2', 'C', NULL, '7ksjTJJ2N9TIp0RidM7hsU2FDNgitM029sblLyPCbn03uimWMzDDnWRiV4yj', NULL, '2020-10-19 01:58:29', '2020-10-19 01:58:29', NULL);

-- --------------------------------------------------------

--
-- Table structure for table `users_meta`
--

CREATE TABLE `users_meta` (
  `id` int(10) UNSIGNED NOT NULL,
  `user_id` int(10) UNSIGNED NOT NULL,
  `type` varchar(255) COLLATE utf8_unicode_ci NOT NULL DEFAULT 'null',
  `key` varchar(255) COLLATE utf8_unicode_ci NOT NULL,
  `value` text COLLATE utf8_unicode_ci DEFAULT NULL,
  `deleted_at` timestamp NULL DEFAULT NULL,
  `created_at` timestamp NULL DEFAULT NULL,
  `updated_at` timestamp NULL DEFAULT NULL
) ENGINE=InnoDB DEFAULT CHARSET=utf8 COLLATE=utf8_unicode_ci;

--
-- Dumping data for table `users_meta`
--

INSERT INTO `users_meta` (`id`, `user_id`, `type`, `key`, `value`, `deleted_at`, `created_at`, `updated_at`) VALUES
(1, 1, 'string', 'profile_image', '003e0c09-8ec8-40cd-bd6e-18f9fe1a8382.jpg', NULL, '2020-09-19 03:22:43', '2020-09-28 23:43:35'),
(2, 1, 'string', 'module', 'a:15:{i:0;s:1:\"0\";i:1;s:1:\"1\";i:2;s:1:\"2\";i:3;s:1:\"3\";i:4;s:2:\"13\";i:5;s:1:\"4\";i:6;s:1:\"5\";i:7;s:1:\"6\";i:8;s:1:\"7\";i:9;s:2:\"14\";i:10;s:1:\"8\";i:11;s:1:\"9\";i:12;s:2:\"10\";i:13;s:2:\"12\";i:14;s:2:\"15\";}', NULL, '2020-09-19 03:22:43', '2020-09-28 23:43:35'),
(3, 2, 'string', 'module', 'a:15:{i:0;s:1:\"0\";i:1;s:1:\"1\";i:2;s:1:\"2\";i:3;s:1:\"3\";i:4;s:2:\"13\";i:5;s:1:\"4\";i:6;s:1:\"5\";i:7;s:1:\"6\";i:8;s:1:\"7\";i:9;s:2:\"14\";i:10;s:1:\"8\";i:11;s:1:\"9\";i:12;s:2:\"10\";i:13;s:2:\"12\";i:14;s:2:\"15\";}', NULL, '2020-09-19 03:22:43', '2020-09-28 23:43:10'),
(4, 3, 'string', 'module', 'a:15:{i:0;i:0;i:1;i:1;i:2;i:2;i:3;i:3;i:4;i:4;i:5;i:5;i:6;i:6;i:7;i:7;i:8;i:8;i:9;i:9;i:10;i:10;i:11;i:12;i:12;i:13;i:13;i:14;i:14;i:15;}', NULL, '2020-09-19 03:22:43', '2020-09-19 03:22:43'),
(5, 4, 'string', 'first_name', 'Md', NULL, '2020-09-19 03:22:43', '2020-11-04 03:54:38'),
(6, 4, 'string', 'last_name', 'saiful', NULL, '2020-09-19 03:22:43', '2020-11-04 04:09:03'),
(7, 4, 'string', 'address', '728 Evalyn Knolls Apt. 119 Lake Jaydenville, MD 74979-3406', NULL, '2020-09-19 03:22:43', '2020-09-19 03:22:43'),
(8, 4, 'string', 'mobno', '113443331', NULL, '2020-09-19 03:22:43', '2020-11-04 04:08:25'),
(9, 4, 'NULL', 'gender', NULL, NULL, '2020-09-19 03:22:43', '2020-11-04 03:54:38'),
(10, 5, 'string', 'first_name', 'Customer', NULL, '2020-09-19 03:22:43', '2020-09-19 03:22:43'),
(11, 5, 'string', 'last_name', 'Two', NULL, '2020-09-19 03:22:43', '2020-09-19 03:22:43'),
(12, 5, 'string', 'address', '91158 Luigi Cliffs Lake Darby, MA 39627-1727', NULL, '2020-09-19 03:22:43', '2020-09-19 03:22:43'),
(13, 5, 'string', 'mobno', '9773607007903', NULL, '2020-09-19 03:22:43', '2020-09-19 03:22:43'),
(14, 5, 'string', 'gender', '1', NULL, '2020-09-19 03:22:43', '2020-10-05 03:26:22'),
(15, 6, 'string', 'first_name', 'Ms.', NULL, '2020-09-19 03:22:43', '2020-09-19 03:22:43'),
(16, 6, 'string', 'last_name', 'Dora', NULL, '2020-09-19 03:22:43', '2020-09-19 03:22:43'),
(17, 6, 'string', 'address', '1000 Steuber Mills Apt. 374\nLake Rocio, TX 36329', NULL, '2020-09-19 03:22:43', '2020-09-19 03:22:43'),
(18, 6, 'string', 'phone', '01420920567574', NULL, '2020-09-19 03:22:43', '2020-09-19 03:22:43'),
(19, 6, 'string', 'issue_date', '2020-09-19', NULL, '2020-09-19 03:22:43', '2020-09-19 03:22:43'),
(20, 6, 'string', 'exp_date', '2020-11-19', NULL, '2020-09-19 03:22:43', '2020-09-19 03:22:43'),
(21, 6, 'string', 'start_date', '2020-09-19', NULL, '2020-09-19 03:22:43', '2020-09-19 03:22:43'),
(22, 6, 'string', 'end_date', '2020-10-19', NULL, '2020-09-19 03:22:43', '2020-09-19 03:22:43'),
(23, 6, 'integer', 'license_number', '490140', NULL, '2020-09-19 03:22:43', '2020-09-19 03:22:43'),
(24, 6, 'integer', 'contract_number', '7540', NULL, '2020-09-19 03:22:43', '2020-09-19 03:22:43'),
(25, 6, 'integer', 'emp_id', '3', NULL, '2020-09-19 03:22:43', '2020-09-19 03:22:43'),
(26, 7, 'string', 'first_name', 'Myrl', NULL, '2020-09-19 03:22:43', '2020-09-19 03:22:43'),
(27, 7, 'string', 'last_name', 'Dooley', NULL, '2020-09-19 03:22:43', '2020-09-19 03:22:43'),
(28, 7, 'string', 'address', '8666 Benton Spring Suite 662\nBahringerland, RI 59761', NULL, '2020-09-19 03:22:43', '2020-09-19 03:22:43'),
(29, 7, 'string', 'phone', '05285920015510', NULL, '2020-09-19 03:22:43', '2020-09-19 03:22:43'),
(30, 7, 'string', 'issue_date', '2020-09-19', NULL, '2020-09-19 03:22:43', '2020-09-19 03:22:43'),
(31, 7, 'string', 'exp_date', '2020-11-19', NULL, '2020-09-19 03:22:43', '2020-09-19 03:22:43'),
(32, 7, 'string', 'start_date', '2020-09-19', NULL, '2020-09-19 03:22:43', '2020-09-19 03:22:43'),
(33, 7, 'string', 'end_date', '2020-10-19', NULL, '2020-09-19 03:22:43', '2020-09-19 03:22:43'),
(34, 7, 'integer', 'license_number', '438648', NULL, '2020-09-19 03:22:43', '2020-09-19 03:22:43'),
(35, 7, 'integer', 'contract_number', '7772', NULL, '2020-09-19 03:22:43', '2020-09-19 03:22:43'),
(36, 7, 'integer', 'emp_id', '8', NULL, '2020-09-19 03:22:43', '2020-09-19 03:22:43'),
(37, 6, 'integer', 'vehicle_id', '1', NULL, '2020-09-19 03:22:43', '2020-09-19 03:22:43'),
(38, 1, 'integer', 'login_status', '1', NULL, '2020-09-19 03:27:27', '2020-09-19 03:27:27'),
(39, 1, 'string', 'language', 'English-en', NULL, '2020-09-23 04:13:44', '2020-09-23 04:13:44'),
(40, 4, 'integer', 'login_status', '1', NULL, '2020-09-24 01:25:06', '2020-10-10 22:32:50'),
(41, 2, 'string', 'profile_image', '13f07d5f-731f-474f-999e-47519e5b3ee3.jpg', NULL, '2020-09-28 23:43:11', '2020-09-28 23:43:11'),
(42, 5, 'string', 'fcm_id', 'kkjk', NULL, '2020-10-05 03:45:30', '2020-10-05 03:45:30'),
(43, 5, 'integer', 'login_status', '1', NULL, '2020-10-05 03:45:30', '2020-10-05 03:45:30'),
(44, 5, 'string', 'device_token', 'base64:maxQFpmbI6x32vwUXFjpYdELc wBpMb9y8PaXugSaf8=', NULL, '2020-10-05 03:45:30', '2020-10-05 03:45:30'),
(45, 4, 'NULL', 'fcm_id', NULL, NULL, '2020-10-05 03:46:42', '2020-10-05 03:48:00'),
(46, 4, 'NULL', 'device_token', NULL, NULL, '2020-10-05 03:46:42', '2020-10-05 03:48:17'),
(47, 4, 'integer', 'is_available', '0', NULL, '2020-10-05 22:46:12', '2020-10-05 22:46:12'),
(48, 8, 'string', 'first_name', 'Rowan', NULL, '2020-10-11 05:46:11', '2020-10-11 05:46:11'),
(49, 8, 'string', 'last_name', 'Bolton', NULL, '2020-10-11 05:46:11', '2020-10-11 05:46:11'),
(50, 8, 'string', 'address', '728 Evalyn Knolls Apt. 119 Lake Jaydenville, MD 74979-3406', NULL, '2020-10-11 05:46:11', '2020-10-11 05:46:11'),
(51, 8, 'integer', 'mobno', '1234567890', NULL, '2020-10-11 05:46:11', '2020-10-11 05:46:11'),
(52, 8, 'integer', 'gender', '1', NULL, '2020-10-11 05:46:11', '2020-10-11 05:46:11'),
(53, 9, 'string', 'first_name', 'Saiful', NULL, '2020-10-11 05:46:11', '2020-10-11 05:46:11'),
(54, 9, 'string', 'last_name', 'Saif', NULL, '2020-10-11 05:46:11', '2020-10-11 05:46:11'),
(55, 9, 'string', 'address', 'Hatirjhil,Dhaka', NULL, '2020-10-11 05:46:11', '2020-10-11 05:46:11'),
(56, 9, 'integer', 'mobno', '434234234', NULL, '2020-10-11 05:46:11', '2020-10-11 05:46:11'),
(57, 9, 'integer', 'gender', '1', NULL, '2020-10-11 05:46:11', '2020-10-11 05:46:11'),
(58, 10, 'integer', 'login_status', '1', NULL, '2020-10-19 01:22:22', '2020-10-19 01:22:22'),
(59, 10, 'string', 'first_name', 'saif1', NULL, '2020-10-19 01:22:22', '2020-10-19 01:22:22'),
(60, 10, 'string', 'user_name', 'saif1', NULL, '2020-10-19 01:22:22', '2020-10-19 01:22:22'),
(61, 10, 'string', 'mobno', '01741474167', NULL, '2020-10-19 01:22:22', '2020-10-19 01:22:22'),
(62, 10, 'string', 'emailid', 'saif1@gmail.com', NULL, '2020-10-19 01:22:22', '2020-10-19 01:22:22'),
(63, 10, 'string', 'gender', '1', NULL, '2020-10-19 01:22:22', '2020-10-19 01:22:22'),
(64, 10, 'string', 'password', '123456', NULL, '2020-10-19 01:22:22', '2020-10-19 01:22:22'),
(65, 10, 'NULL', 'phone_code', NULL, NULL, '2020-10-19 01:22:22', '2020-10-19 01:22:22'),
(66, 10, 'string', 'mode', 'ios', NULL, '2020-10-19 01:22:22', '2020-10-19 01:22:22'),
(67, 11, 'integer', 'login_status', '1', NULL, '2020-10-19 01:54:37', '2020-10-19 01:54:37'),
(68, 11, 'string', 'first_name', 'maste4', NULL, '2020-10-19 01:54:37', '2020-10-19 01:54:37'),
(69, 11, 'string', '_token', 'jDaoj9G5eIR1xZiLSQBDbMAh8Iaj8LnXChnH5joV', NULL, '2020-10-19 01:54:37', '2020-10-19 01:54:37'),
(70, 11, 'string', 'user_name', 'maste4', NULL, '2020-10-19 01:54:37', '2020-10-19 01:54:37'),
(71, 11, 'string', 'emailid', 'master1@admin.com', NULL, '2020-10-19 01:54:37', '2020-10-19 01:54:37'),
(72, 11, 'string', 'mobno', '45444444444', NULL, '2020-10-19 01:54:37', '2020-10-19 01:54:37'),
(73, 11, 'string', 'gender', '1', NULL, '2020-10-19 01:54:37', '2020-10-19 01:54:37'),
(74, 11, 'string', 'password', '123456', NULL, '2020-10-19 01:54:37', '2020-10-19 01:54:37'),
(75, 11, 'string', 'repassword', '123456', NULL, '2020-10-19 01:54:37', '2020-10-19 01:54:37'),
(76, 11, 'NULL', 'phone_code', NULL, NULL, '2020-10-19 01:54:37', '2020-10-19 01:54:37'),
(77, 11, 'string', 'mode', 'ios', NULL, '2020-10-19 01:54:37', '2020-10-19 01:54:37'),
(78, 12, 'integer', 'login_status', '1', NULL, '2020-10-19 01:58:29', '2020-10-19 01:58:29'),
(79, 12, 'string', 'first_name', 'kader', NULL, '2020-10-19 01:58:29', '2020-10-19 01:58:29'),
(80, 12, 'string', '_token', 'jDaoj9G5eIR1xZiLSQBDbMAh8Iaj8LnXChnH5joV', NULL, '2020-10-19 01:58:29', '2020-10-19 01:58:29'),
(81, 12, 'string', 'user_name', 'kader', NULL, '2020-10-19 01:58:29', '2020-10-19 01:58:29'),
(82, 12, 'string', 'emailid', 'kader@gmail.com', NULL, '2020-10-19 01:58:29', '2020-10-19 01:58:29'),
(83, 12, 'string', 'mobno', '78782937892', NULL, '2020-10-19 01:58:29', '2020-10-19 01:58:29'),
(84, 12, 'string', 'gender', '1', NULL, '2020-10-19 01:58:29', '2020-10-19 01:58:29'),
(85, 12, 'string', 'password', '123456', NULL, '2020-10-19 01:58:29', '2020-10-19 01:58:29'),
(86, 12, 'string', 'repassword', '123456', NULL, '2020-10-19 01:58:29', '2020-10-19 01:58:29'),
(87, 12, 'NULL', 'phone_code', NULL, NULL, '2020-10-19 01:58:29', '2020-10-19 01:58:29'),
(88, 12, 'string', 'mode', 'ios', NULL, '2020-10-19 01:58:29', '2020-10-19 01:58:29'),
(89, 4, 'NULL', 'phone_code', NULL, NULL, '2020-11-04 03:54:38', '2020-11-04 03:54:38');

-- --------------------------------------------------------

--
-- Table structure for table `vehicles`
--

CREATE TABLE `vehicles` (
  `id` int(10) UNSIGNED NOT NULL,
  `make` varchar(255) COLLATE utf8_unicode_ci DEFAULT NULL,
  `model` varchar(255) COLLATE utf8_unicode_ci DEFAULT NULL,
  `type` varchar(255) COLLATE utf8_unicode_ci DEFAULT NULL,
  `year` varchar(255) COLLATE utf8_unicode_ci DEFAULT NULL,
  `group_id` int(11) DEFAULT NULL,
  `lic_exp_date` date DEFAULT NULL,
  `reg_exp_date` date DEFAULT NULL,
  `vehicle_image` varchar(255) COLLATE utf8_unicode_ci DEFAULT NULL,
  `engine_type` varchar(255) COLLATE utf8_unicode_ci DEFAULT NULL,
  `horse_power` varchar(255) COLLATE utf8_unicode_ci DEFAULT NULL,
  `color` varchar(255) COLLATE utf8_unicode_ci DEFAULT NULL,
  `vin` varchar(255) COLLATE utf8_unicode_ci DEFAULT NULL,
  `license_plate` varchar(255) COLLATE utf8_unicode_ci NOT NULL,
  `mileage` int(11) DEFAULT NULL,
  `in_service` tinyint(4) DEFAULT 0,
  `user_id` int(11) DEFAULT NULL,
  `created_at` timestamp NULL DEFAULT NULL,
  `updated_at` timestamp NULL DEFAULT NULL,
  `deleted_at` timestamp NULL DEFAULT NULL,
  `int_mileage` int(11) DEFAULT NULL,
  `type_id` int(11) DEFAULT NULL
) ENGINE=InnoDB DEFAULT CHARSET=utf8 COLLATE=utf8_unicode_ci;

--
-- Dumping data for table `vehicles`
--

INSERT INTO `vehicles` (`id`, `make`, `model`, `type`, `year`, `group_id`, `lic_exp_date`, `reg_exp_date`, `vehicle_image`, `engine_type`, `horse_power`, `color`, `vin`, `license_plate`, `mileage`, `in_service`, `user_id`, `created_at`, `updated_at`, `deleted_at`, `int_mileage`, `type_id`) VALUES
(1, 'Honda', 'Jazz', NULL, '2015', 1, '2021-05-27', '2021-02-16', 'car1.jpeg', 'Petrol', '190', 'red', '2342342', '9191bh', 45464, 1, 1, '2020-09-19 03:22:43', '2020-09-19 03:22:43', NULL, 50, 3),
(2, 'Tata', 'NANO', NULL, '2012', 1, '2021-09-19', '2020-12-18', 'car2.jpeg', 'Petrol', '150', 'white', '124578', '1245ab', 45464, 1, 1, '2020-09-19 03:22:43', '2020-09-19 03:22:43', NULL, 40, 3);

-- --------------------------------------------------------

--
-- Table structure for table `vehicles_meta`
--

CREATE TABLE `vehicles_meta` (
  `id` int(10) UNSIGNED NOT NULL,
  `vehicle_id` int(10) UNSIGNED NOT NULL,
  `type` varchar(255) COLLATE utf8_unicode_ci NOT NULL DEFAULT 'null',
  `key` varchar(255) COLLATE utf8_unicode_ci NOT NULL,
  `value` longtext COLLATE utf8_unicode_ci DEFAULT NULL,
  `deleted_at` timestamp NULL DEFAULT NULL,
  `created_at` timestamp NULL DEFAULT NULL,
  `updated_at` timestamp NULL DEFAULT NULL
) ENGINE=InnoDB DEFAULT CHARSET=utf8 COLLATE=utf8_unicode_ci;

--
-- Dumping data for table `vehicles_meta`
--

INSERT INTO `vehicles_meta` (`id`, `vehicle_id`, `type`, `key`, `value`, `deleted_at`, `created_at`, `updated_at`) VALUES
(1, 1, 'integer', 'driver_id', '6', NULL, '2020-09-19 03:22:43', '2020-09-19 03:22:43'),
(2, 1, 'double', 'average', '35.45', NULL, '2020-09-19 03:22:43', '2020-09-19 03:22:43'),
(3, 1, 'string', 'ins_number', '70651', NULL, '2020-09-19 03:22:43', '2020-09-19 03:22:43'),
(4, 1, 'string', 'ins_exp_date', '2021-03-28', NULL, '2020-09-19 03:22:43', '2020-09-19 03:22:43'),
(5, 2, 'double', 'average', '42.5', NULL, '2020-09-19 03:22:43', '2020-09-19 03:22:43'),
(6, 2, 'string', 'ins_number', '36945', NULL, '2020-09-19 03:22:43', '2020-09-19 03:22:43'),
(7, 2, 'string', 'ins_exp_date', '2021-03-28', NULL, '2020-09-19 03:22:43', '2020-09-19 03:22:43');

-- --------------------------------------------------------

--
-- Table structure for table `vehicle_group`
--

CREATE TABLE `vehicle_group` (
  `id` int(10) UNSIGNED NOT NULL,
  `name` varchar(50) COLLATE utf8_unicode_ci DEFAULT NULL,
  `description` text COLLATE utf8_unicode_ci DEFAULT NULL,
  `note` text COLLATE utf8_unicode_ci DEFAULT NULL,
  `deleted_at` timestamp NULL DEFAULT NULL,
  `created_at` timestamp NULL DEFAULT NULL,
  `updated_at` timestamp NULL DEFAULT NULL
) ENGINE=InnoDB DEFAULT CHARSET=utf8 COLLATE=utf8_unicode_ci;

--
-- Dumping data for table `vehicle_group`
--

INSERT INTO `vehicle_group` (`id`, `name`, `description`, `note`, `deleted_at`, `created_at`, `updated_at`) VALUES
(1, 'Default', 'Default vehicle group', 'Default vehicle group', NULL, '2020-09-19 03:22:43', '2020-09-19 03:22:43');

-- --------------------------------------------------------

--
-- Table structure for table `vehicle_review`
--

CREATE TABLE `vehicle_review` (
  `id` int(10) UNSIGNED NOT NULL,
  `vehicle_id` int(11) NOT NULL,
  `user_id` int(11) DEFAULT NULL,
  `reg_no` varchar(255) COLLATE utf8_unicode_ci DEFAULT NULL,
  `kms_outgoing` int(11) DEFAULT NULL,
  `kms_incoming` int(11) DEFAULT NULL,
  `fuel_level_out` int(11) DEFAULT NULL,
  `fuel_level_in` int(11) DEFAULT NULL,
  `datetime_outgoing` datetime DEFAULT NULL,
  `datetime_incoming` datetime DEFAULT NULL,
  `petrol_card` text COLLATE utf8_unicode_ci DEFAULT NULL,
  `lights` text COLLATE utf8_unicode_ci DEFAULT NULL,
  `invertor` text COLLATE utf8_unicode_ci DEFAULT NULL,
  `car_mats` text COLLATE utf8_unicode_ci DEFAULT NULL,
  `int_damage` text COLLATE utf8_unicode_ci DEFAULT NULL,
  `int_lights` text COLLATE utf8_unicode_ci DEFAULT NULL,
  `ext_car` text COLLATE utf8_unicode_ci DEFAULT NULL,
  `tyre` text COLLATE utf8_unicode_ci DEFAULT NULL,
  `ladder` text COLLATE utf8_unicode_ci DEFAULT NULL,
  `leed` text COLLATE utf8_unicode_ci DEFAULT NULL,
  `power_tool` text COLLATE utf8_unicode_ci DEFAULT NULL,
  `ac` text COLLATE utf8_unicode_ci DEFAULT NULL,
  `head_light` text COLLATE utf8_unicode_ci DEFAULT NULL,
  `lock` text COLLATE utf8_unicode_ci DEFAULT NULL,
  `windows` text COLLATE utf8_unicode_ci DEFAULT NULL,
  `condition` text COLLATE utf8_unicode_ci DEFAULT NULL,
  `oil_chk` text COLLATE utf8_unicode_ci DEFAULT NULL,
  `suspension` text COLLATE utf8_unicode_ci DEFAULT NULL,
  `tool_box` text COLLATE utf8_unicode_ci DEFAULT NULL,
  `deleted_at` timestamp NULL DEFAULT NULL,
  `created_at` timestamp NULL DEFAULT NULL,
  `updated_at` timestamp NULL DEFAULT NULL
) ENGINE=InnoDB DEFAULT CHARSET=utf8 COLLATE=utf8_unicode_ci;

-- --------------------------------------------------------

--
-- Table structure for table `vehicle_types`
--

CREATE TABLE `vehicle_types` (
  `id` int(10) UNSIGNED NOT NULL,
  `vehicletype` varchar(255) COLLATE utf8_unicode_ci DEFAULT NULL,
  `displayname` varchar(255) COLLATE utf8_unicode_ci DEFAULT NULL,
  `icon` varchar(255) COLLATE utf8_unicode_ci DEFAULT NULL,
  `isenable` int(11) DEFAULT NULL,
  `seats` int(11) DEFAULT NULL,
  `created_at` timestamp NULL DEFAULT NULL,
  `updated_at` timestamp NULL DEFAULT NULL,
  `deleted_at` timestamp NULL DEFAULT NULL
) ENGINE=InnoDB DEFAULT CHARSET=utf8 COLLATE=utf8_unicode_ci;

--
-- Dumping data for table `vehicle_types`
--

INSERT INTO `vehicle_types` (`id`, `vehicletype`, `displayname`, `icon`, `isenable`, `seats`, `created_at`, `updated_at`, `deleted_at`) VALUES
(1, 'Axio', 'Axio (2006-2012)', 'vehicle_type_1601544848.jpg', 1, 4, '2020-09-19 03:22:43', '2020-10-01 03:34:08', NULL),
(2, 'Corolla', 'Corolla (2002-2012)', 'vehicle_type_1601544857.jpg', 1, 4, '2020-09-19 03:22:43', '2020-10-01 03:34:17', NULL),
(3, 'Allion/Premio', 'Allion/Premio( 2010-2015)', 'vehicle_type_1601544865.jpg', 1, 4, '2020-09-19 03:22:43', '2020-10-01 03:34:25', NULL),
(4, 'DX-NOAH', 'DX-NOAH', 'vehicle_type_1601544875.jpg', 1, 6, '2020-09-19 03:22:43', '2020-10-01 03:34:35', NULL),
(5, 'X-NOAH', 'X-NOAH (2010-2014)', 'vehicle_type_1601544885.jpg', 1, 6, '2020-09-19 03:22:43', '2020-10-01 03:34:45', NULL),
(6, 'Hiace', 'Hiace (2007-2015)', 'vehicle_type_1601544894.jpg', 1, 10, '2020-09-19 03:22:43', '2020-10-01 03:34:54', NULL),
(7, 'Truck', 'Truck', NULL, 1, 3, '2020-09-19 03:22:43', '2020-09-21 03:23:09', '2020-09-21 03:23:09');

-- --------------------------------------------------------

--
-- Table structure for table `vendors`
--

CREATE TABLE `vendors` (
  `id` int(10) UNSIGNED NOT NULL,
  `name` varchar(255) COLLATE utf8_unicode_ci DEFAULT NULL,
  `photo` varchar(255) COLLATE utf8_unicode_ci DEFAULT NULL,
  `type` varchar(255) COLLATE utf8_unicode_ci DEFAULT NULL,
  `website` varchar(255) COLLATE utf8_unicode_ci DEFAULT NULL,
  `custom_type` varchar(255) COLLATE utf8_unicode_ci DEFAULT NULL,
  `note` text COLLATE utf8_unicode_ci DEFAULT NULL,
  `phone` varchar(255) COLLATE utf8_unicode_ci DEFAULT NULL,
  `address1` varchar(255) COLLATE utf8_unicode_ci DEFAULT NULL,
  `address2` varchar(255) COLLATE utf8_unicode_ci DEFAULT NULL,
  `city` varchar(255) COLLATE utf8_unicode_ci DEFAULT NULL,
  `province` varchar(255) COLLATE utf8_unicode_ci DEFAULT NULL,
  `email` varchar(255) COLLATE utf8_unicode_ci DEFAULT NULL,
  `deleted_at` timestamp NULL DEFAULT NULL,
  `created_at` timestamp NULL DEFAULT NULL,
  `updated_at` timestamp NULL DEFAULT NULL,
  `udf` text COLLATE utf8_unicode_ci DEFAULT NULL,
  `country` varchar(255) COLLATE utf8_unicode_ci DEFAULT NULL,
  `postal_code` varchar(255) COLLATE utf8_unicode_ci DEFAULT NULL
) ENGINE=InnoDB DEFAULT CHARSET=utf8 COLLATE=utf8_unicode_ci;

--
-- Dumping data for table `vendors`
--

INSERT INTO `vendors` (`id`, `name`, `photo`, `type`, `website`, `custom_type`, `note`, `phone`, `address1`, `address2`, `city`, `province`, `email`, `deleted_at`, `created_at`, `updated_at`, `udf`, `country`, `postal_code`) VALUES
(1, 'Benny Stokes', NULL, 'Parts', 'http://www.example.com', NULL, 'default vendor', '03942979981995', '70847 O\'Kon Meadow Suite 835\nNorth Royce, IN 01010', NULL, 'Port Timothytown', NULL, 'alta.vonrueden@example.org', NULL, '2020-09-19 03:22:43', '2020-09-19 03:22:43', NULL, NULL, NULL),
(2, 'Joanie Cartwright', NULL, 'Machinaries', 'http://www.example.com', NULL, 'default vendor', '05810954491319', '49931 Brandyn Stravenue Suite 520\nSkyeborough, PA 08525-2334', NULL, 'Runolfssonchester', NULL, 'cbahringer@example.org', NULL, '2020-09-19 03:22:43', '2020-09-19 03:22:43', NULL, NULL, NULL);

-- --------------------------------------------------------

--
-- Table structure for table `work_orders`
--

CREATE TABLE `work_orders` (
  `id` int(10) UNSIGNED NOT NULL,
  `created_on` date DEFAULT NULL,
  `required_by` date DEFAULT NULL,
  `vehicle_id` int(11) DEFAULT NULL,
  `vendor_id` int(11) DEFAULT NULL,
  `price` double(8,2) DEFAULT NULL,
  `status` varchar(255) COLLATE utf8_unicode_ci DEFAULT NULL,
  `description` text COLLATE utf8_unicode_ci DEFAULT NULL,
  `meter` int(11) DEFAULT NULL,
  `note` text COLLATE utf8_unicode_ci DEFAULT NULL,
  `deleted_at` timestamp NULL DEFAULT NULL,
  `created_at` timestamp NULL DEFAULT NULL,
  `updated_at` timestamp NULL DEFAULT NULL
) ENGINE=InnoDB DEFAULT CHARSET=utf8 COLLATE=utf8_unicode_ci;

--
-- Dumping data for table `work_orders`
--

INSERT INTO `work_orders` (`id`, `created_on`, `required_by`, `vehicle_id`, `vendor_id`, `price`, `status`, `description`, `meter`, `note`, `deleted_at`, `created_at`, `updated_at`) VALUES
(1, '2020-09-19', '2020-09-24', 2, 1, 3000.00, 'Processing', 'Sample work order', 1522, 'sample work order', NULL, '2020-09-19 03:22:43', '2020-09-19 03:22:43'),
(2, '2020-09-19', '2020-09-24', 1, 2, 1000.00, 'Pending', 'Sample work order', 1023, 'sample work order', NULL, '2020-09-19 03:22:43', '2020-09-19 03:22:43');

-- --------------------------------------------------------

--
-- Table structure for table `work_order_logs`
--

CREATE TABLE `work_order_logs` (
  `id` int(10) UNSIGNED NOT NULL,
  `created_on` date DEFAULT NULL,
  `required_by` date DEFAULT NULL,
  `vehicle_id` int(11) DEFAULT NULL,
  `vendor_id` int(11) DEFAULT NULL,
  `price` double(8,2) DEFAULT NULL,
  `status` varchar(255) COLLATE utf8_unicode_ci DEFAULT NULL,
  `type` varchar(255) COLLATE utf8_unicode_ci DEFAULT NULL,
  `description` text COLLATE utf8_unicode_ci DEFAULT NULL,
  `meter` int(11) DEFAULT NULL,
  `note` text COLLATE utf8_unicode_ci DEFAULT NULL,
  `created_at` timestamp NULL DEFAULT NULL,
  `updated_at` timestamp NULL DEFAULT NULL,
  `parts_price` double DEFAULT 0
) ENGINE=InnoDB DEFAULT CHARSET=utf8 COLLATE=utf8_unicode_ci;

--
-- Dumping data for table `work_order_logs`
--

INSERT INTO `work_order_logs` (`id`, `created_on`, `required_by`, `vehicle_id`, `vendor_id`, `price`, `status`, `type`, `description`, `meter`, `note`, `created_at`, `updated_at`, `parts_price`) VALUES
(1, '2020-09-19', '2020-09-24', 2, 1, 3000.00, 'Processing', 'Created', 'Sample work order', 1522, 'sample work order', '2020-09-19 03:22:43', '2020-09-19 03:22:43', 0),
(2, '2020-09-19', '2020-09-24', 1, 2, 1000.00, 'Pending', 'Created', 'Sample work order', 1023, 'sample work order', '2020-09-19 03:22:43', '2020-09-19 03:22:43', 0);

--
-- Indexes for dumped tables
--

--
-- Indexes for table `addresses`
--
ALTER TABLE `addresses`
  ADD PRIMARY KEY (`id`),
  ADD KEY `addresses_customer_id_index` (`customer_id`);

--
-- Indexes for table `api_settings`
--
ALTER TABLE `api_settings`
  ADD PRIMARY KEY (`id`),
  ADD KEY `api_settings_key_name_index` (`key_name`);

--
-- Indexes for table `bookings`
--
ALTER TABLE `bookings`
  ADD PRIMARY KEY (`id`),
  ADD KEY `bookings_customer_id_driver_id_vehicle_id_user_id_index` (`customer_id`,`driver_id`,`vehicle_id`,`user_id`),
  ADD KEY `bookings_payment_status_index` (`payment`,`status`);

--
-- Indexes for table `bookings_meta`
--
ALTER TABLE `bookings_meta`
  ADD PRIMARY KEY (`id`),
  ADD KEY `bookings_meta_booking_id_index` (`booking_id`),
  ADD KEY `bookings_meta_key_index` (`key`);

--
-- Indexes for table `booking_income`
--
ALTER TABLE `booking_income`
  ADD PRIMARY KEY (`id`),
  ADD KEY `booking_income_booking_id_income_id_index` (`booking_id`,`income_id`);

--
-- Indexes for table `booking_payments`
--
ALTER TABLE `booking_payments`
  ADD PRIMARY KEY (`id`);

--
-- Indexes for table `booking_quotation`
--
ALTER TABLE `booking_quotation`
  ADD PRIMARY KEY (`id`),
  ADD KEY `booking_quotation_customer_id_user_id_vehicle_id_driver_id_index` (`customer_id`,`user_id`,`vehicle_id`,`driver_id`),
  ADD KEY `booking_quotation_status_payment_index` (`status`,`payment`);

--
-- Indexes for table `car_slot`
--
ALTER TABLE `car_slot`
  ADD PRIMARY KEY (`id`);

--
-- Indexes for table `color`
--
ALTER TABLE `color`
  ADD PRIMARY KEY (`id`);

--
-- Indexes for table `company_services`
--
ALTER TABLE `company_services`
  ADD PRIMARY KEY (`id`);

--
-- Indexes for table `district`
--
ALTER TABLE `district`
  ADD PRIMARY KEY (`city_id`),
  ADD KEY `Feature_str_name` (`city_name`),
  ADD KEY `Country_str_code` (`country_code`);

--
-- Indexes for table `division`
--
ALTER TABLE `division`
  ADD PRIMARY KEY (`state_id`),
  ADD KEY `Country_str_code` (`country_code`);

--
-- Indexes for table `driver_logs`
--
ALTER TABLE `driver_logs`
  ADD PRIMARY KEY (`id`),
  ADD KEY `driver_logs_driver_id_vehicle_id_index` (`driver_id`,`vehicle_id`);

--
-- Indexes for table `driver_vehicle`
--
ALTER TABLE `driver_vehicle`
  ADD PRIMARY KEY (`id`),
  ADD KEY `driver_vehicle_driver_id_vehicle_id_index` (`driver_id`,`vehicle_id`);

--
-- Indexes for table `email_content`
--
ALTER TABLE `email_content`
  ADD PRIMARY KEY (`id`),
  ADD KEY `email_content_key_index` (`key`);

--
-- Indexes for table `expense`
--
ALTER TABLE `expense`
  ADD PRIMARY KEY (`id`),
  ADD KEY `expense_vehicle_id_exp_id_user_id_expense_type_index` (`vehicle_id`,`exp_id`,`user_id`,`expense_type`),
  ADD KEY `expense_type_index` (`type`),
  ADD KEY `expense_date_index` (`date`);

--
-- Indexes for table `expense_cat`
--
ALTER TABLE `expense_cat`
  ADD PRIMARY KEY (`id`),
  ADD KEY `expense_cat_name_type_index` (`name`,`type`);

--
-- Indexes for table `fare_commission`
--
ALTER TABLE `fare_commission`
  ADD PRIMARY KEY (`id`);

--
-- Indexes for table `fare_settings`
--
ALTER TABLE `fare_settings`
  ADD PRIMARY KEY (`id`),
  ADD KEY `fare_settings_key_name_index` (`key_name`),
  ADD KEY `fare_settings_type_id_index` (`type_id`);

--
-- Indexes for table `frontend`
--
ALTER TABLE `frontend`
  ADD PRIMARY KEY (`id`),
  ADD KEY `frontend_key_name_index` (`key_name`);

--
-- Indexes for table `fuel`
--
ALTER TABLE `fuel`
  ADD PRIMARY KEY (`id`),
  ADD KEY `fuel_vehicle_id_user_id_index` (`vehicle_id`,`user_id`),
  ADD KEY `fuel_date_index` (`date`);

--
-- Indexes for table `guest_car`
--
ALTER TABLE `guest_car`
  ADD PRIMARY KEY (`id`);

--
-- Indexes for table `income`
--
ALTER TABLE `income`
  ADD PRIMARY KEY (`id`),
  ADD KEY `income_vehicle_id_income_id_user_id_income_cat_index` (`vehicle_id`,`income_id`,`user_id`,`income_cat`),
  ADD KEY `income_date_index` (`date`);

--
-- Indexes for table `income_cat`
--
ALTER TABLE `income_cat`
  ADD PRIMARY KEY (`id`),
  ADD KEY `income_cat_name_type_index` (`name`,`type`);

--
-- Indexes for table `intercity_fare`
--
ALTER TABLE `intercity_fare`
  ADD PRIMARY KEY (`id`);

--
-- Indexes for table `message`
--
ALTER TABLE `message`
  ADD PRIMARY KEY (`id`);

--
-- Indexes for table `migrations`
--
ALTER TABLE `migrations`
  ADD PRIMARY KEY (`id`);

--
-- Indexes for table `notes`
--
ALTER TABLE `notes`
  ADD PRIMARY KEY (`id`),
  ADD KEY `notes_vehicle_id_customer_id_index` (`vehicle_id`,`customer_id`);

--
-- Indexes for table `notifications`
--
ALTER TABLE `notifications`
  ADD PRIMARY KEY (`id`),
  ADD KEY `notifications_notifiable_type_notifiable_id_index` (`notifiable_type`,`notifiable_id`),
  ADD KEY `notifications_type_index` (`type`);

--
-- Indexes for table `package`
--
ALTER TABLE `package`
  ADD PRIMARY KEY (`id`);

--
-- Indexes for table `parts`
--
ALTER TABLE `parts`
  ADD PRIMARY KEY (`id`),
  ADD KEY `parts_category_id_user_id_availability_index` (`category_id`,`user_id`,`availability`);

--
-- Indexes for table `parts_category`
--
ALTER TABLE `parts_category`
  ADD PRIMARY KEY (`id`);

--
-- Indexes for table `parts_used`
--
ALTER TABLE `parts_used`
  ADD PRIMARY KEY (`id`),
  ADD KEY `parts_used_part_id_work_id_index` (`part_id`,`work_id`);

--
-- Indexes for table `password_resets`
--
ALTER TABLE `password_resets`
  ADD KEY `password_resets_email_index` (`email`);

--
-- Indexes for table `payment_settings`
--
ALTER TABLE `payment_settings`
  ADD PRIMARY KEY (`id`),
  ADD UNIQUE KEY `payment_settings_name_unique` (`name`);

--
-- Indexes for table `push_notification`
--
ALTER TABLE `push_notification`
  ADD PRIMARY KEY (`id`),
  ADD KEY `push_notification_user_id_index` (`user_id`),
  ADD KEY `push_notification_user_type_index` (`user_type`);

--
-- Indexes for table `reasons`
--
ALTER TABLE `reasons`
  ADD PRIMARY KEY (`id`);

--
-- Indexes for table `reviews`
--
ALTER TABLE `reviews`
  ADD PRIMARY KEY (`id`),
  ADD KEY `reviews_user_id_booking_id_driver_id_index` (`user_id`,`booking_id`,`driver_id`);

--
-- Indexes for table `service_items`
--
ALTER TABLE `service_items`
  ADD PRIMARY KEY (`id`);

--
-- Indexes for table `service_reminder`
--
ALTER TABLE `service_reminder`
  ADD PRIMARY KEY (`id`),
  ADD KEY `service_reminder_vehicle_id_service_id_index` (`vehicle_id`,`service_id`);

--
-- Indexes for table `settings`
--
ALTER TABLE `settings`
  ADD PRIMARY KEY (`id`),
  ADD UNIQUE KEY `settings_name_unique` (`name`);

--
-- Indexes for table `team`
--
ALTER TABLE `team`
  ADD PRIMARY KEY (`id`);

--
-- Indexes for table `testimonials`
--
ALTER TABLE `testimonials`
  ADD PRIMARY KEY (`id`);

--
-- Indexes for table `thana`
--
ALTER TABLE `thana`
  ADD PRIMARY KEY (`id`);

--
-- Indexes for table `time_slot`
--
ALTER TABLE `time_slot`
  ADD PRIMARY KEY (`id`);

--
-- Indexes for table `users`
--
ALTER TABLE `users`
  ADD PRIMARY KEY (`id`),
  ADD UNIQUE KEY `users_api_token_unique` (`api_token`),
  ADD UNIQUE KEY `users_email_unique` (`email`),
  ADD KEY `users_user_type_index` (`user_type`);

--
-- Indexes for table `users_meta`
--
ALTER TABLE `users_meta`
  ADD PRIMARY KEY (`id`),
  ADD KEY `users_meta_user_id_index` (`user_id`),
  ADD KEY `users_meta_key_index` (`key`);

--
-- Indexes for table `vehicles`
--
ALTER TABLE `vehicles`
  ADD PRIMARY KEY (`id`),
  ADD KEY `vehicles_group_id_type_id_user_id_in_service_index` (`group_id`,`type_id`,`user_id`,`in_service`),
  ADD KEY `vehicles_lic_exp_date_reg_exp_date_index` (`lic_exp_date`,`reg_exp_date`),
  ADD KEY `vehicles_license_plate_index` (`license_plate`);

--
-- Indexes for table `vehicles_meta`
--
ALTER TABLE `vehicles_meta`
  ADD PRIMARY KEY (`id`),
  ADD KEY `vehicles_meta_vehicle_id_index` (`vehicle_id`),
  ADD KEY `vehicles_meta_key_index` (`key`);

--
-- Indexes for table `vehicle_group`
--
ALTER TABLE `vehicle_group`
  ADD PRIMARY KEY (`id`);

--
-- Indexes for table `vehicle_review`
--
ALTER TABLE `vehicle_review`
  ADD PRIMARY KEY (`id`),
  ADD KEY `vehicle_review_vehicle_id_user_id_index` (`vehicle_id`,`user_id`);

--
-- Indexes for table `vehicle_types`
--
ALTER TABLE `vehicle_types`
  ADD PRIMARY KEY (`id`);

--
-- Indexes for table `vendors`
--
ALTER TABLE `vendors`
  ADD PRIMARY KEY (`id`),
  ADD KEY `vendors_type_index` (`type`);

--
-- Indexes for table `work_orders`
--
ALTER TABLE `work_orders`
  ADD PRIMARY KEY (`id`),
  ADD KEY `work_orders_vehicle_id_vendor_id_index` (`vehicle_id`,`vendor_id`),
  ADD KEY `work_orders_status_index` (`status`);

--
-- Indexes for table `work_order_logs`
--
ALTER TABLE `work_order_logs`
  ADD PRIMARY KEY (`id`),
  ADD KEY `work_order_logs_vehicle_id_vendor_id_index` (`vehicle_id`,`vendor_id`),
  ADD KEY `work_order_logs_status_index` (`status`);

--
-- AUTO_INCREMENT for dumped tables
--

--
-- AUTO_INCREMENT for table `addresses`
--
ALTER TABLE `addresses`
  MODIFY `id` int(10) UNSIGNED NOT NULL AUTO_INCREMENT, AUTO_INCREMENT=13;

--
-- AUTO_INCREMENT for table `api_settings`
--
ALTER TABLE `api_settings`
  MODIFY `id` int(10) UNSIGNED NOT NULL AUTO_INCREMENT, AUTO_INCREMENT=13;

--
-- AUTO_INCREMENT for table `bookings`
--
ALTER TABLE `bookings`
  MODIFY `id` int(10) UNSIGNED NOT NULL AUTO_INCREMENT, AUTO_INCREMENT=6;

--
-- AUTO_INCREMENT for table `bookings_meta`
--
ALTER TABLE `bookings_meta`
  MODIFY `id` int(10) UNSIGNED NOT NULL AUTO_INCREMENT, AUTO_INCREMENT=491;

--
-- AUTO_INCREMENT for table `booking_income`
--
ALTER TABLE `booking_income`
  MODIFY `id` int(10) UNSIGNED NOT NULL AUTO_INCREMENT, AUTO_INCREMENT=22;

--
-- AUTO_INCREMENT for table `booking_payments`
--
ALTER TABLE `booking_payments`
  MODIFY `id` int(10) UNSIGNED NOT NULL AUTO_INCREMENT, AUTO_INCREMENT=17;

--
-- AUTO_INCREMENT for table `booking_quotation`
--
ALTER TABLE `booking_quotation`
  MODIFY `id` bigint(20) UNSIGNED NOT NULL AUTO_INCREMENT;

--
-- AUTO_INCREMENT for table `car_slot`
--
ALTER TABLE `car_slot`
  MODIFY `id` int(11) NOT NULL AUTO_INCREMENT, AUTO_INCREMENT=17;

--
-- AUTO_INCREMENT for table `color`
--
ALTER TABLE `color`
  MODIFY `id` int(11) NOT NULL AUTO_INCREMENT, AUTO_INCREMENT=4;

--
-- AUTO_INCREMENT for table `company_services`
--
ALTER TABLE `company_services`
  MODIFY `id` int(10) UNSIGNED NOT NULL AUTO_INCREMENT, AUTO_INCREMENT=5;

--
-- AUTO_INCREMENT for table `district`
--
ALTER TABLE `district`
  MODIFY `city_id` int(11) NOT NULL AUTO_INCREMENT, AUTO_INCREMENT=70;

--
-- AUTO_INCREMENT for table `division`
--
ALTER TABLE `division`
  MODIFY `state_id` int(11) NOT NULL AUTO_INCREMENT, AUTO_INCREMENT=4191;

--
-- AUTO_INCREMENT for table `driver_logs`
--
ALTER TABLE `driver_logs`
  MODIFY `id` int(10) UNSIGNED NOT NULL AUTO_INCREMENT, AUTO_INCREMENT=2;

--
-- AUTO_INCREMENT for table `driver_vehicle`
--
ALTER TABLE `driver_vehicle`
  MODIFY `id` int(10) UNSIGNED NOT NULL AUTO_INCREMENT, AUTO_INCREMENT=2;

--
-- AUTO_INCREMENT for table `email_content`
--
ALTER TABLE `email_content`
  MODIFY `id` int(10) UNSIGNED NOT NULL AUTO_INCREMENT, AUTO_INCREMENT=9;

--
-- AUTO_INCREMENT for table `expense`
--
ALTER TABLE `expense`
  MODIFY `id` int(10) UNSIGNED NOT NULL AUTO_INCREMENT, AUTO_INCREMENT=5;

--
-- AUTO_INCREMENT for table `expense_cat`
--
ALTER TABLE `expense_cat`
  MODIFY `id` int(10) UNSIGNED NOT NULL AUTO_INCREMENT, AUTO_INCREMENT=10;

--
-- AUTO_INCREMENT for table `fare_commission`
--
ALTER TABLE `fare_commission`
  MODIFY `id` int(11) NOT NULL AUTO_INCREMENT, AUTO_INCREMENT=8;

--
-- AUTO_INCREMENT for table `fare_settings`
--
ALTER TABLE `fare_settings`
  MODIFY `id` int(10) UNSIGNED NOT NULL AUTO_INCREMENT, AUTO_INCREMENT=85;

--
-- AUTO_INCREMENT for table `frontend`
--
ALTER TABLE `frontend`
  MODIFY `id` int(10) UNSIGNED NOT NULL AUTO_INCREMENT, AUTO_INCREMENT=19;

--
-- AUTO_INCREMENT for table `fuel`
--
ALTER TABLE `fuel`
  MODIFY `id` int(10) UNSIGNED NOT NULL AUTO_INCREMENT, AUTO_INCREMENT=3;

--
-- AUTO_INCREMENT for table `guest_car`
--
ALTER TABLE `guest_car`
  MODIFY `id` int(11) NOT NULL AUTO_INCREMENT, AUTO_INCREMENT=26;

--
-- AUTO_INCREMENT for table `income`
--
ALTER TABLE `income`
  MODIFY `id` int(10) UNSIGNED NOT NULL AUTO_INCREMENT, AUTO_INCREMENT=26;

--
-- AUTO_INCREMENT for table `income_cat`
--
ALTER TABLE `income_cat`
  MODIFY `id` int(10) UNSIGNED NOT NULL AUTO_INCREMENT, AUTO_INCREMENT=4;

--
-- AUTO_INCREMENT for table `intercity_fare`
--
ALTER TABLE `intercity_fare`
  MODIFY `id` int(11) NOT NULL AUTO_INCREMENT, AUTO_INCREMENT=540;

--
-- AUTO_INCREMENT for table `message`
--
ALTER TABLE `message`
  MODIFY `id` int(10) UNSIGNED NOT NULL AUTO_INCREMENT;

--
-- AUTO_INCREMENT for table `migrations`
--
ALTER TABLE `migrations`
  MODIFY `id` int(10) UNSIGNED NOT NULL AUTO_INCREMENT, AUTO_INCREMENT=82;

--
-- AUTO_INCREMENT for table `notes`
--
ALTER TABLE `notes`
  MODIFY `id` int(10) UNSIGNED NOT NULL AUTO_INCREMENT, AUTO_INCREMENT=2;

--
-- AUTO_INCREMENT for table `package`
--
ALTER TABLE `package`
  MODIFY `id` int(11) NOT NULL AUTO_INCREMENT, AUTO_INCREMENT=21;

--
-- AUTO_INCREMENT for table `parts`
--
ALTER TABLE `parts`
  MODIFY `id` int(10) UNSIGNED NOT NULL AUTO_INCREMENT;

--
-- AUTO_INCREMENT for table `parts_category`
--
ALTER TABLE `parts_category`
  MODIFY `id` int(10) UNSIGNED NOT NULL AUTO_INCREMENT, AUTO_INCREMENT=3;

--
-- AUTO_INCREMENT for table `parts_used`
--
ALTER TABLE `parts_used`
  MODIFY `id` int(10) UNSIGNED NOT NULL AUTO_INCREMENT;

--
-- AUTO_INCREMENT for table `payment_settings`
--
ALTER TABLE `payment_settings`
  MODIFY `id` int(10) UNSIGNED NOT NULL AUTO_INCREMENT, AUTO_INCREMENT=7;

--
-- AUTO_INCREMENT for table `push_notification`
--
ALTER TABLE `push_notification`
  MODIFY `id` int(10) UNSIGNED NOT NULL AUTO_INCREMENT;

--
-- AUTO_INCREMENT for table `reasons`
--
ALTER TABLE `reasons`
  MODIFY `id` int(10) UNSIGNED NOT NULL AUTO_INCREMENT, AUTO_INCREMENT=3;

--
-- AUTO_INCREMENT for table `reviews`
--
ALTER TABLE `reviews`
  MODIFY `id` int(10) UNSIGNED NOT NULL AUTO_INCREMENT;

--
-- AUTO_INCREMENT for table `service_items`
--
ALTER TABLE `service_items`
  MODIFY `id` int(10) UNSIGNED NOT NULL AUTO_INCREMENT, AUTO_INCREMENT=2;

--
-- AUTO_INCREMENT for table `service_reminder`
--
ALTER TABLE `service_reminder`
  MODIFY `id` int(10) UNSIGNED NOT NULL AUTO_INCREMENT;

--
-- AUTO_INCREMENT for table `settings`
--
ALTER TABLE `settings`
  MODIFY `id` int(10) UNSIGNED NOT NULL AUTO_INCREMENT, AUTO_INCREMENT=19;

--
-- AUTO_INCREMENT for table `team`
--
ALTER TABLE `team`
  MODIFY `id` int(10) UNSIGNED NOT NULL AUTO_INCREMENT, AUTO_INCREMENT=8;

--
-- AUTO_INCREMENT for table `testimonials`
--
ALTER TABLE `testimonials`
  MODIFY `id` int(10) UNSIGNED NOT NULL AUTO_INCREMENT, AUTO_INCREMENT=6;

--
-- AUTO_INCREMENT for table `thana`
--
ALTER TABLE `thana`
  MODIFY `id` int(11) NOT NULL AUTO_INCREMENT, AUTO_INCREMENT=590;

--
-- AUTO_INCREMENT for table `time_slot`
--
ALTER TABLE `time_slot`
  MODIFY `id` int(11) NOT NULL AUTO_INCREMENT, AUTO_INCREMENT=5;

--
-- AUTO_INCREMENT for table `users`
--
ALTER TABLE `users`
  MODIFY `id` int(10) UNSIGNED NOT NULL AUTO_INCREMENT, AUTO_INCREMENT=13;

--
-- AUTO_INCREMENT for table `users_meta`
--
ALTER TABLE `users_meta`
  MODIFY `id` int(10) UNSIGNED NOT NULL AUTO_INCREMENT, AUTO_INCREMENT=90;

--
-- AUTO_INCREMENT for table `vehicles`
--
ALTER TABLE `vehicles`
  MODIFY `id` int(10) UNSIGNED NOT NULL AUTO_INCREMENT, AUTO_INCREMENT=3;

--
-- AUTO_INCREMENT for table `vehicles_meta`
--
ALTER TABLE `vehicles_meta`
  MODIFY `id` int(10) UNSIGNED NOT NULL AUTO_INCREMENT, AUTO_INCREMENT=8;

--
-- AUTO_INCREMENT for table `vehicle_group`
--
ALTER TABLE `vehicle_group`
  MODIFY `id` int(10) UNSIGNED NOT NULL AUTO_INCREMENT, AUTO_INCREMENT=2;

--
-- AUTO_INCREMENT for table `vehicle_review`
--
ALTER TABLE `vehicle_review`
  MODIFY `id` int(10) UNSIGNED NOT NULL AUTO_INCREMENT;

--
-- AUTO_INCREMENT for table `vehicle_types`
--
ALTER TABLE `vehicle_types`
  MODIFY `id` int(10) UNSIGNED NOT NULL AUTO_INCREMENT, AUTO_INCREMENT=8;

--
-- AUTO_INCREMENT for table `vendors`
--
ALTER TABLE `vendors`
  MODIFY `id` int(10) UNSIGNED NOT NULL AUTO_INCREMENT, AUTO_INCREMENT=3;

--
-- AUTO_INCREMENT for table `work_orders`
--
ALTER TABLE `work_orders`
  MODIFY `id` int(10) UNSIGNED NOT NULL AUTO_INCREMENT, AUTO_INCREMENT=3;

--
-- AUTO_INCREMENT for table `work_order_logs`
--
ALTER TABLE `work_order_logs`
  MODIFY `id` int(10) UNSIGNED NOT NULL AUTO_INCREMENT, AUTO_INCREMENT=3;
COMMIT;

/*!40101 SET CHARACTER_SET_CLIENT=@OLD_CHARACTER_SET_CLIENT */;
/*!40101 SET CHARACTER_SET_RESULTS=@OLD_CHARACTER_SET_RESULTS */;
/*!40101 SET COLLATION_CONNECTION=@OLD_COLLATION_CONNECTION */;
